Año;idmunici;ccdd;ccpp;ccdi;Ubigeo;;Provincia;Distrito;Tipomuni;VFI;P04_1;P04_2;P04_3;P04_4;P04_5;P04_6;P05_CC;P05_1;P05_2;P05_3;P06_CC;P06;P07;P08;P09;P10_1;P10_2;P10_3;P10_4;VFI_P11A;P11A_1;P11A_1_1;P11A_1_2;P11A_2;P11A_2_1;P11A_2_2;P11A_3;P11A_3_1;P11A_3_2;P11A_4;P11A_4_1;P11A_4_2;P11A_5;P11A_5_1;P11A_5_2;P11A_6;P11A_6_1;P11A_6_2;P11A_7;P11A_7_1;P11A_7_2;P11A_8;P11A_8_1;P11A_8_2;P11A_9;P11A_9_1;P11A_9_2;P11A_10;P11A_10_1;P11A_10_2;P11A_10_O;VFI_P11B;P11B_11;P11B_11_1;P11B_11_2;P11B_12;P11B_12_1;P11B_12_2;P11B_13;P11B_13_1;P11B_13_2;P11B_14;P11B_14_1;P11B_14_2;P11B_15;P11B_15_1;P11B_15_2;P11B_16;P11B_16_1;P11B_16_2;P11B_17;P11B_17_1;P11B_17_2;P11B_18;P11B_18_1;P11B_18_2;P11B_18_O;VFI_P12;P12_1;P12A_1;P12_2;P12A_2;VFI_P13;P13_1;P13A_1;P13_2;P13A_2;P13_3;P13A_3;P13_4;P13A_4;P13_5;P13A_5;P13_6;P13A_6;P13_7;P13A_7;P13_8;P13A_8;P13_9;P13A_9;P13A_9_O;VFI_P14;P14;P14A_1;P14A_2;VFI_P15;P15_1;P15A_1;P15_2;P15A_2;P15_3;P15A_3;P15_4;P15A_4;P15_5;P15A_5;P15_6;P15A_6;P15A_6_O;VFI_P16;P16_1;P16_2;P16_3;P16_4;P16_5;P16_6;P16_7;P16_8;P16_9;P16_9_O;VFI_P17;P17_1;P17_2;P17_3;P17_4;P17_5;P17_6;P17_7;P17_8;P17_9;P17_10;P17_11;P17_12;P17_13;P17_13_O;P17_14;VFI_P18;P18;P18_Portal
2022;10101;1;1;1;10101;;CHACHAPOYAS;CHACHAPOYAS;1;1;2;ORTIZ ARRIETA;588; ; ; ;41;477002;960084144; ;41;477002;WWW.FACEBOOK.COM/MUNICHACHAPOYAS;ALCALDIA@MUNICHACHAPOYAS.GOB.PE;WWW.GOB.PE/MUNICHACHAPOYAS;VICTOR RAUL;CULQUI;PUERTA;2;1;1;9;1;1;18;2;2; ; ;1;2;1;1;5;0;2; ; ;1;4;0;2; ; ;2; ; ;2; ; ; ;1;1;1;0;1;1;0;1;1;0;1;2;0;1;0;1;2; ; ;1;0;1;2; ; ; ;1;1;1;1;2;1;2; ;2; ;1;2;1;1;1;34;1;75;1;50;1;3;2; ; ;1;1;165;5;1;1;3;1;8;1;12;1;34;1;10;2; ; ;1;0;2;3;4;5;0;0;0;0; ;1;1;2;3;4;5;6;7;0;9;0;0;12;0; ;0;1;1;www.transparencia.gob.pe/enlaces/pte_transparencia_enlaces.aspx?id_entidad=193#.xbcds5pkgdw
2022;10102;1;1;2;10102;AMAZONAS;CHACHAPOYAS;CHACHAPOYAS;2;1;3;NICARMAL - PLAZA DE ARMAS;S/N;5;15;50;41; ; ; ;41;920696668; ;MUNIASUNCION.TRAMITE@GMAIL.COM; ;HELDA;MOLINARI;TRAUCO;1;1;2; ; ;2; ; ;2; ; ;2; ; ;2; ; ;2; ; ;2; ; ;2; ; ;2; ; ;2; ; ; ;1;2; ; ;2; ; ;2; ; ;2; ; ;2; ; ;2; ; ;2; ; ;2; ; ; ;1;2; ;2; ;1;2; ;2; ;2; ;2; ;2; ;2; ;1;3;2; ;2; ; ;1;1;3;1;1;1;1;2; ;1;1;1;1;2; ;2; ; ;1;0;0;3;4;0;0;0;0;0; ;1;1;2;3;4;5;6;0;8;9;10;0;12;0; ;0;1;3; 
2022;10103;1;1;3;10103;AMAZONAS;CHACHAPOYAS;CHACHAPOYAS;2;1;1;MARAÑON;565; ; ; ;41; ; ; ;41;931869918;WWW.FACEBOOK.COM/MUNIBALSAS;MUNIBALSAS2019@GMAIL.COM; ;SEGUNDO PABLO;MAZA;SANCHEZ;2;1;1;1;1;1;1;0;2; ; ;2; ; ;2; ; ;2; ; ;2; ; ;2; ; ;2; ; ;2; ; ; ;1;2; ; ;2; ; ;2; ; ;2; ; ;2; ; ;2; ; ;2; ; ;2; ; ; ;1;2; ;2; ;1;2; ;2; ;2; ;2; ;1;2;1;1;2; ;2; ;2; ; ;1;1;3;4;1;1;1;1;1;2; ;2; ;2; ;2; ; ;1;0;0;0;4;0;0;0;0;0; ;1;0;2;0;4;5;0;0;0;0;0;0;12;0; ;0;1;2; 
2022;10104;1;1;4;10104;AMAZONAS;CHACHAPOYAS;CHACHAPOYAS;2;1;2;UNION;S/N; ; ; ;41; ;992669364; ;41; ; ;MUNICHETO2019@GMAIL.COM; ;ELITA;CULQUIMBOZ;HUAMAN;1;1;1;0;1;1;1;0;2; ; ;2; ; ;1;1;0;2; ; ;2; ; ;2; ; ;2; ; ;2; ; ; ;1;2; ; ;2; ; ;2; ; ;2; ; ;2; ; ;2; ; ;2; ; ;2; ; ; ;1;2; ;2; ;1;2; ;2; ;2; ;2; ;1;1;1;1;2; ;2; ;2; ; ;1;1;2;2;1;2; ;2; ;2; ;1;2;1;1;2; ; ;1;0;0;0;4;0;0;0;0;0; ;1;1;0;0;0;5;6;0;0;0;0;0;12;0; ;0;1;3; 
2022;10105;1;1;5;10105;AMANAS;CHACHAPOYAS;CHACHAPOYAS;2;1;3;SAN MARTIN;S/N; ; ; ;41; ;954385270; ;41;968933510; ;MDCHILIQUIN@HOTMAIL.COM; ;JAIME;PINEDO;SOPLA;2;1;2; ; ;2; ; ;2; ; ;2; ; ;2; ; ;2; ; ;2; ; ;2; ; ;2; ; ;2; ; ; ;1;2; ; ;2; ; ;2; ; ;2; ; ;2; ; ;2; ; ;2; ; ;2; ; ; ;1;2; ;1;1;1;2; ;2; ;2; ;2; ;2; ;2; ;2; ;2; ;1;3;INTEL ATOM;1;1;3;1;1;1;1;2; ;1;2;1;1;2; ;2; ; ;1;0;0;0;4;0;0;0;0;0; ;1;0;0;0;0;5;6;0;0;0;0;0;12;0; ;0;1;3; 
2022;10106;1;1;6;10106;AMAZONAS;CHACHAPOYAS;CHACHAPOYAS;2;1;2;SAN MARTIN;S/N; ; ; ;41; ;999225249; ;41;999224113; ;CHUQUIBAMBADMESADEPARTES@GMAIL.COM; ;HECTOR;DIAZ;AÑASCO;2;1;2; ; ;1;0;1;2; ; ;2; ; ;2; ; ;2; ; ;2; ; ;2; ; ;2; ; ;2; ; ; ;1;2; ; ;2; ; ;2; ; ;2; ; ;2; ; ;1;0;1;2; ; ;2; ; ; ;1;2; ;1;7;1;2; ;2; ;2; ;2; ;2; ;2; ;2; ;2; ;1;3;INTEL ATOM;1;1;3;4;1;1;1;2; ;2; ;1;2;1;1;2; ; ;1;0;0;3;4;0;0;0;0;0; ;1;0;2;0;4;5;0;0;0;0;0;0;0;0; ;0;1;3; 
2022;10107;1;1;7;10107;AMAZONAS;CHACHAPOYAS;CHACHAPOYAS;2;1;3;MUNICIPAL;500;1;1;1;41;484940;978373773;973838372;41; ; ;MDGRANADA2015@HOTMAIL.COM; ;SAMUEL;CANLLA;GOMEZ;2;1;1;1;1;1;0;1;1;1;0;1;0;1;2; ; ;2; ; ;2; ; ;2; ; ;2; ; ;2; ; ; ;1;2; ; ;2; ; ;2; ; ;2; ; ;2; ; ;2; ; ;2; ; ;2; ; ; ;1;1;1;1;1;1;1;1;2; ;2; ;2; ;1;1;2; ;2; ;2; ;2; ; ;1;1;2;1;1;1;2;2; ;1;2;2; ;2; ;2; ; ;1;0;0;3;4;0;0;7;0;0; ;1;1;0;0;4;5;0;0;0;0;0;0;12;0; ;0;1;2; 
2022;10108;1;1;8;10108;AMAZONAS;CHACHAPOYAS;CHACHAPOYAS;2;1;2;JOSE OLAYA;123; ; ; ;41; ;920131063; ;41;923850507;WWW.FACEBOOK.COM/MUNICIPALIDADHUANCAS;MESADEPARTES.HUANCAS.CHACHAPOYAS@GMAIL.COM; ;WILIAN FREDY;PUSCAN;ALVA;2;1;1;1;4;2; ; ;2; ; ;1;1;0;2; ; ;2; ; ;2; ; ;2; ; ;2; ; ;2; ; ; ;1;2; ; ;2; ; ;2; ; ;2; ; ;2; ; ;2; ; ;2; ; ;2; ; ; ;1;2; ;1;1;1;2; ;2; ;2; ;2; ;2; ;1;5;2; ;2; ;2; ; ;1;1;5;1;1;1;1;1;4;2; ;1;4;1;1;2; ; ;1;0;0;0;4;0;0;0;0;0; ;1;0;0;0;0;0;0;0;0;0;0;0;12;0; ;0;1;3; 
2022;10109;1;1;9;10109;AMAZONAS;CHACHAPOYAS;CHACHAPOYAS;2;1;2;ALONSO DE ALVARADO;750; ; ; ;41; ;996929729;985867645;41;942687373; ;MUNILAJALCA@OUTLOOK.ES; ;WHUMBERTO;CULQUI;VELASQUEZ;2;1;1;1;1;1;2;0;2; ; ;2; ; ;2; ; ;2; ; ;2; ; ;2; ; ;2; ; ;2; ; ; ;1;2; ; ;2; ; ;2; ; ;2; ; ;2; ; ;2; ; ;2; ; ;2; ; ; ;1;2; ;1;1;1;1;7;2; ;2; ;2; ;2; ;2; ;2; ;2; ;2; ; ;1;1;7;3;1;1;1;1;3;2; ;1;3;1;1;2; ; ;1;0;0;0;4;0;0;0;0;0; ;1;0;0;0;0;0;0;0;0;0;0;0;0;0; ;14;1;3; 
2022;10110;1;1;10;10110;AMAZONAS;CHACHAPOYAS;CHACHAPOYAS;2;1;2;SUCRE;121; ; ; ;41; ; ; ;41;943250764; ;MUNICIPALIDADLEIMEBAMBA@GMAIL.COM; ;LAYNES;SILVA;VIGO;2;1;1;1;0;1;1;0;1;2;0;1;2;1;1;2;0;1;2;0;1;2;0;1;2;0;1;2;0;2; ; ; ;1;1;2;0;1;1;0;1;2;0;1;2;0;1;2;0;1;2;0;1;2;0;2; ; ; ;1;2; ;2; ;1;2; ;2; ;1;1;2; ;1;1;1;2;1;4;2; ;2; ; ;1;1;8;3;1;1;1;1;2;1;3;1;2;2; ;2; ; ;1;0;0;3;4;0;0;0;0;0; ;1;1;2;0;0;5;6;0;0;0;0;0;12;0; ;0;1;2; 
2022;10111;1;1;11;10111;AMAZONAS;CHACHAPOYAS;CHACHAPOYAS;2;1;2;ALONSO DE ALVARADO;211; ; ; ;41; ; ; ;41;941940734;WWW.FACEBOOK.COM/LEVANTO2022; ; ;PABLO;VILCA;HUAMAN;2;1;2; ; ;1;0;2;2; ; ;1;1;0;2; ; ;2; ; ;1;2;0;2; ; ;2; ; ;1;1;0;COMBI (HASTA 15 ASIENTOS);1;2; ; ;2; ; ;2; ; ;2; ; ;2; ; ;2; ; ;2; ; ;2; ; ; ;1;2; ;2; ;1;2; ;2; ;2; ;1;2;2; ;1;1;1;1;2; ;2; ; ;1;1;4;1;1;1;1;1;2;1;2;1;2;1;1;2; ; ;1;0;0;3;4;0;0;0;0;0; ;1;0;0;0;4;0;0;0;0;0;0;0;12;0; ;0;1;3; 
2022;10112;1;1;12;10112;AMAZONAS;CHACHAPOYAS;CHACHAPOYAS;2;1;2;PORVENIR;311; ; ; ;41; ; ;932143498;41;992272448; ;MUNICIPALIDADMAGDALENA2019@GMAIL.COM; ;JOSE LUIS;TENORIO;TAUMA;2;1;1;2;0;1;0;1;2; ; ;1;1;0;2; ; ;2; ; ;1;0;1;2; ; ;2; ; ;2; ; ; ;1;2; ; ;2; ; ;2; ; ;2; ; ;2; ; ;2; ; ;2; ; ;2; ; ; ;1;2; ;1;1;1;1;3;2; ;2; ;2; ;2; ;2; ;2; ;2; ;2; ; ;1;1;3;1;1;1;1;2; ;1;1;1;1;1;1;2; ; ;1;0;0;0;4;0;6;0;0;0; ;1;0;0;0;0;0;0;0;0;0;0;0;0;0; ;14;1;3; 
2022;10113;1;1;13;10113;AMAZONAS;CHACHAPOYAS;CHACHAPOYAS;2;1;2;LIMATAMBO;245; ; ; ;41; ; ; ;41;971391619; ;MUNI_MARISCALCASTILLA@HOTMAIL.COM; ;CARMITA;MAICELO;BUSTAMANTE;1;1;2; ; ;2; ; ;1;1;0;2; ; ;2; ; ;2; ; ;2; ; ;2; ; ;2; ; ;2; ; ; ;1;2; ; ;2; ; ;2; ; ;2; ; ;2; ; ;2; ; ;2; ; ;2; ; ; ;1;2; ;2; ;1;2; ;2; ;1;1;2; ;2; ;1;2;2; ;2; ;2; ; ;1;1;3;4;1;1;1;2; ;2; ;1;2;1;1;2; ; ;1;0;0;0;4;0;0;0;0;0; ;1;0;0;0;4;5;0;0;0;0;0;0;12;0; ;0;1;3; 
2022;10114;1;1;14;10114;AMAZONAS;CHACHAPOYAS;CHACHAPOYAS;2;1;2;5 DE FEBRERO;306; ; ; ;41; ; ; ;41;949170018; ;MDM.MOLINOPAMPA@GMAIL.COM; ;KENI ROY;PINEDO;MORI;2;1;1;1;0;2; ; ;2; ; ;2; ; ;1;1;0;2; ; ;2; ; ;2; ; ;2; ; ;2; ; ; ;1;2; ; ;2; ; ;2; ; ;2; ; ;2; ; ;2; ; ;2; ; ;2; ; ; ;1;2; ;2; ;1;1;1;2; ;1;1;2; ;1;1;2; ;1;1;2; ;2; ; ;1;1;4;1;1;1;1;2; ;2; ;1;2;1;1;2; ; ;1;0;0;0;4;0;0;0;0;0; ;1;1;2;0;4;5;6;0;0;9;0;0;12;0; ;0;1;3; 
2022;10115;1;1;15;10115;AMAZONAS;CHACHAPOYAS;CHACHAPOYAS;2;1;2;TRANQUILIDAD;S/N; ; ; ;41; ; ; ;41; ; ;MUNIMONTEVIDEO2019@HOTMAIL.COM; ;DELMER MANUEL;VERGARAY;SANCHEZ;2;1;2; ; ;2; ; ;2; ; ;2; ; ;2; ; ;2; ; ;1;1;0;2; ; ;2; ; ;2; ; ; ;1;2; ; ;2; ; ;2; ; ;2; ; ;2; ; ;2; ; ;2; ; ;2; ; ; ;1;2; ;2; ;1;2; ;2; ;1;1;2; ;2; ;1;1;1;1;2; ;2; ; ;1;1;3;5;1;1;1;2; ;1;2;1;1;1;1;2; ; ;1;0;0;0;4;0;6;0;0;0; ;1;0;0;0;0;0;0;0;0;0;0;0;12;0; ;0;1;2; 
2022;10116;1;1;16;10116;AMAZONAS;CHACHAPOYAS;CHACHAPOYAS;2;1;2;SAN MARTIN;S/N; ; ; ;41; ; ; ;41;920150791; ;MUNIOLLEROS@HOTMAIL.COM; ;CARLO MAGNO;INGA;GALOC;2;1;1;1;3;1;0;1;2; ; ;2; ; ;2; ; ;2; ; ;1;1;0;2; ; ;1;0;1;2; ; ; ;1;2; ; ;2; ; ;2; ; ;2; ; ;2; ; ;2; ; ;2; ; ;2; ; ; ;1;2; ;2; ;1;1;2;2; ;2; ;2; ;2; ;1;2;1;1;2; ;2; ; ;1;1;4;1;1;2; ;2; ;2; ;1;3;2; ;2; ; ;1;0;0;0;4;0;0;0;0;0; ;1;0;2;3;4;5;0;0;0;0;0;0;12;0; ;0;1;3; 
2022;10117;1;1;17;10117;AMAZONAS;CHACHAPOYAS;CHACHAPOYAS;2;1;2;TRIUNFO;S/N; ; ; ;41; ;966199793; ;41;953159350; ;MUNIQUINJALCA2019@GMAIL.COM; ;BRAULIO BALDEMAR;GOÑAS;CULQUI;2;1;2; ; ;2; ; ;2; ; ;2; ; ;2; ; ;2; ; ;2; ; ;2; ; ;2; ; ;2; ; ; ;1;2; ; ;2; ; ;2; ; ;2; ; ;2; ; ;2; ; ;2; ; ;2; ; ; ;1;2; ;1;1;1;1;2;2; ;2; ;2; ;2; ;2; ;2; ;2; ;2; ; ;1;1;2;4;1;2; ;2; ;2; ;1;1;2; ;2; ; ;1;0;0;0;4;0;0;0;0;0; ;1;1;0;0;4;5;0;0;0;0;0;0;0;0; ;0;1;2; 
2022;10118;1;1;18;10118;AMAZONAS;CHACHAPOYAS;CHACHAPOYAS;2;1;1;PIPUS;716; ; ; ;41; ;999069715;992017010;41;959209120;WWW.FACEBOOK.COM./SAN FRANCISCO.DAGUAS.3;MUNI.SAN.FRANCISCO.DAGUAS@GMAIL.COM; ;ALFREDO;GOMEZ;CHAVEZ;2;1;2; ; ;2; ; ;2; ; ;2; ; ;2; ; ;2; ; ;2; ; ;2; ; ;2; ; ;1;1;1;TRIMOTO Y/O MOTOTAXY;1;2; ; ;2; ; ;2; ; ;2; ; ;2; ; ;2; ; ;2; ; ;2; ; ; ;1;2; ;1;3;1;1;1;2; ;2; ;2; ;2; ;1;2;2; ;2; ;2; ; ;1;1;3;1;1;2; ;2; ;2; ;1;3;1;1;2; ; ;1;0;2;3;4;0;6;7;0;0; ;1;0;2;0;4;5;0;0;0;0;0;0;12;0; ;0;1;2; 
2022;10119;1;1;19;10119;AMAZONAS;CHACHAPOYAS;CHACHAPOYAS;2;1;2;AMAZONAS;374; ; ; ;41; ;940554549;942187419;41;976452757; ;MUNI.MAINO@GMAIL.COM; ;VICTOR AUGUSTO;ALVAREZ;OROSCO;2;1;1;3;0;1;1;0;2; ; ;2; ; ;2; ; ;2; ; ;1;1;0;2; ; ;2; ; ;2; ; ; ;1;2; ; ;2; ; ;2; ; ;2; ; ;2; ; ;2; ; ;2; ; ;2; ; ; ;1;2; ;1;2;1;2; ;2; ;2; ;2; ;1;4;2; ;2; ;2; ;2; ; ;1;1;4;5;1;1;1;2; ;2; ;1;4;1;1;2; ; ;1;0;0;0;4;0;6;7;8;0; ;1;1;0;3;0;5;0;0;0;0;0;0;12;0; ;0;1;3; 
2022;10120;1;1;20;10120;AMAZONAS;CHACHAPOYAS;CHACHAPOYAS;2;1;2;FRANCISCO PIZARRO;S/N;24;5;1;41;503617;969165464;962612021;41;962663351; ;MDSOLOCO@GMAIL.COM; ;EDER JHON;ZUTA;TOCHON;2;1;2; ; ;2; ; ;2; ; ;1;1;1;2; ; ;2; ; ;2; ; ;1;1;0;2; ; ;2; ; ; ;1;2; ; ;2; ; ;2; ; ;2; ; ;2; ; ;2; ; ;2; ; ;1;1;0;COMPACTADORA MANUAL PARA SUELO CON PLACA VIBRADORA;1;1;1;1;1;1;1;1;2; ;2; ;2; ;1;3;1;4;1;2;2; ;2; ; ;1;1;5;4;1;2; ;2; ;1;2;1;7;1;1;2; ; ;1;0;0;3;4;0;0;0;8;0; ;1;0;2;0;0;5;0;0;0;0;0;0;0;0; ;0;1;2; 
2022;10121;1;1;21;10121;AMAZONAS;CHACHAPOYAS;CHACHAPOYAS;2;1;2;SIMON BOLIVAR;S/N; ; ; ;41; ;941940294; ;41;956834951;WWW.FACEBOOK.COM/MUNISONCHE;MUNISONCHE@OUTLOOK.COM; ;EDINSON;PALMER;MAS;2;1;1;1;0;1;0;1;2; ; ;2; ; ;2; ; ;2; ; ;2; ; ;2; ; ;2; ; ;1;1;0;FURGONETA Y/O VAN;1;2; ; ;2; ; ;2; ; ;2; ; ;2; ; ;2; ; ;2; ; ;2; ; ; ;1;2; ;1;1;1;1;1;2; ;2; ;2; ;1;1;1;1;2; ;2; ;2; ; ;1;2; ; ;1;1;1;2; ;1;3;2; ;1;1;2; ; ;1;0;0;0;4;0;0;0;0;0; ;1;0;0;0;0;0;0;0;0;0;0;0;0;0; ;14;1;3; 
2022;10201;1;2;1;10201;AMAZONAS;BAGUA;CHACHAPOYAS;1;1;1;HEROES DEL CENEPA;1060; ; ; ;41;471285; ; ;41;471285;WWW.FACEBOOK.COM/MUNICIPALIDADBAGUA;SECRETARIAGENERAL@MUNIBAGUA.GOB.PE;WWW.MUNIBAGUA.GOB.PE;FERRY;TORRES;HUAMAN;2;1;1;4;1;1;18;4;2; ; ;1;3;0;1;3;0;2; ; ;2; ; ;1;2;0;2; ; ;1;1;1;MOTOFURGONETA Y/O MOTOCARGA;1;2; ; ;1;1;0;1;2;0;1;1;0;1;1;0;2; ; ;1;1;0;1;1;0;MINICARGADOR FRONTAL;1;1;1;2; ;1;2; ;2; ;2; ;2; ;1;20;1;50;1;48;1;1;1;4;INTEL XEON;1;1;123;5;1;1;3;1;1;1;22;1;20;1;2;2; ; ;1;0;0;3;4;0;6;0;0;0; ;1;0;2;3;4;5;0;7;0;9;0;0;12;0; ;0;1;1;www.transparencia.gob.pe/enlaces/pte_transparencia_enlaces.aspx?id_entidad=10104.yljde_lkiuk
2022;10202;1;2;2;10202;AMAZONAS;BAGUA;CHACHAPOYAS;2;1;1;28 DE JULIO;309; ; ; ;41; ;951886198; ;41;951091362;WWW.FACEBOOK.COM/MUNIARAMANGO;MUNIARAMANGO2019_2022@HOTMAIL.COM; ;NILDER;RUBIO;LOZANO;2;1;1;1;1;1;2;0;2; ; ;1;2;0;1;1;0;2; ; ;2; ; ;2; ; ;2; ; ;2; ; ; ;1;2; ; ;2; ; ;1;1;0;1;1;0;2; ; ;2; ; ;1;1;0;2; ; ; ;1;2; ;1;1;1;2; ;2; ;2; ;2; ;1;20;1;5;2; ;2; ;2; ; ;1;1;25;4;1;1;2;2; ;1;5;1;17;1;1;2; ; ;1;0;0;0;4;0;0;0;0;0; ;1;0;0;0;0;0;0;0;0;0;0;0;0;0; ;14;1;1;www.transparencia.gob.pe/enlaces/pte_transparencia_enlaces.aspx?id_entidad=10105&id_tema=1&ver=d
2022;10203;1;2;3;10203;AMAZONAS;BAGUA;CHACHAPOYAS;2;1;2;GARCILAZO DE LA VEGA;321;17;1; ;41; ;920713268; ;41;959963334; ;MUNICIPALIDADDISTRITALDECOPALL@GMAIL.COM; ;ELIAS;FERNANDEZ;ARISTA;2;1;2; ; ;1;4;1;2; ; ;1;1;2;2; ; ;2; ; ;2; ; ;2; ; ;2; ; ;1;1;0;FURGONETA Y/O VAN;1;2; ; ;2; ; ;1;0;1;2; ; ;1;1;0;2; ; ;2; ; ;2; ; ; ;1;2; ;1;1;1;2; ;2; ;1;2;2; ;2; ;1;11;1;3;1;1;2; ; ;1;1;17;3;1;1;2;1;1;2; ;1;13;1;1;2; ; ;1;0;0;3;4;0;0;0;0;0; ;1;0;0;0;0;0;0;0;0;0;0;0;0;13;SISTEMA DE COBRO DE AGUA;0;1;3; 
2022;10204;1;2;4;10204;AMAZONAS;BAGUA;CHACHAPOYAS;2;1;2;AMAZONAS;221;1;1;1;41; ;920049179;945347679;41;951566267; ;MD_ELPARCO@HOTMAIL.COM; ;AMARU JAIRO;TELLO;VASQUEZ;2;1;1;3;0;2; ; ;2; ; ;1;0;1;2; ; ;2; ; ;2; ; ;2; ; ;2; ; ;2; ; ; ;1;2; ; ;2; ; ;2; ; ;1;0;1;2; ; ;2; ; ;2; ; ;2; ; ; ;1;1;1;1;1;1;2; ;2; ;2; ;2; ;1;2;1;6;1;1;2; ;2; ; ;1;1;9;1;1;2; ;2; ;2; ;1;9;2; ;2; ; ;1;0;0;3;4;0;0;0;0;0; ;1;1;2;3;4;5;6;0;0;0;0;0;12;0; ;0;1;2; 
2022;10205;1;2;5;10205;AMAZONAS;BAGUA;CHACHAPOYAS;2;1;1;AWAJUN; ; ; ; ;41; ;984474098; ;41; ;WWW.FACEBOOK.COM/MUNICHIRIACO;SECRETARIAGENERAL@MUNIIMAZA.GOB.PE;WWW.MUNIIMAZA.GOB.PE;CELIO;CASTAÑEDA;MONTENEGRO;2;1;1;1;1;1;4;7;2; ; ;1;1;0;2; ; ;2; ; ;2; ; ;1;1;0;2; ; ;1;0;4;MOTOFURGONETA Y/O MOTOCARGA;1;1;1;0;2; ; ;1;1;0;1;0;1;1;0;1;2; ; ;1;1;0;2; ; ; ;1;2; ;1;1;1;2; ;2; ;2; ;2; ;1;28;1;17;1;10;1;1;2; ; ;1;1;56;5;1;1;2;2; ;2; ;1;27;1;2;2; ; ;1;0;0;3;4;0;0;0;0;0; ;1;0;0;0;0;0;0;0;0;0;0;0;0;0; ;14;1;4;www.transparencia.gob.pe/enlaces/pte_transparencia_enlaces.aspx?id_entidad=10108&id_tema=1&ver=d
2022;10206;1;2;6;10206;AMAZONAS;BAGUA;CHACHAPOYAS;2;1;1;INDEPENDENCIA;619; ; ; ;41; ; ; ;41;954151929; ;MUNICIPALIDADLAPECA2019@GMAIL.COM; ;FIDEL;JARA;CABRERA;2;1;1;1;1;1;4;3;2; ; ;1;0;3;2; ; ;2; ; ;2; ; ;2; ; ;2; ; ;2; ; ; ;1;2; ; ;1;1;0;2; ; ;1;1;0;2; ; ;2; ; ;2; ; ;2; ; ; ;1;2; ;2; ;1;2; ;2; ;2; ;2; ;1;8;1;6;1;1;1;2;2; ; ;1;1;17;1;1;1;2;2; ;2; ;1;13;2; ;2; ; ;1;0;0;3;4;0;0;0;0;0; ;1;0;0;0;0;0;0;0;0;0;0;0;12;0; ;0;1;3; 
2022;10301;1;3;1;10301;AMAZONAS;BONGARA;CHACHAPOYAS;1;1;2;GARCILASO DE LA VEGA;355;18;8; ;41; ; ; ;41;835303;WWW.FACEBOOK.COM/MUNICIPALIDADPROVINCIAL DEBONGARÁ;MUNIBONGARA2019@GMAIL.COM; ;ROMULO FLUMENCIO;VARGAS;MAS;2;1;1;1;0;1;2;2;2; ; ;1;2;0;2; ; ;2; ; ;2; ; ;2; ; ;2; ; ;2; ; ; ;1;2; ; ;1;0;1;1;1;0;1;1;0;1;1;0;2; ; ;1;1;0;2; ; ; ;1;2; ;2; ;1;2; ;2; ;2; ;2; ;1;13;1;4;1;4;2; ;2; ; ;1;1;21;4;1;1;3;2; ;2; ;1;16;1;2;2; ; ;1;0;0;3;4;0;0;0;8;0; ;1;0;0;0;0;0;0;0;0;0;0;0;12;0; ;0;1;1;www.transparencia.gob.pe/enlaces/pte_transparencia_enlaces.aspx?id_entidad=10111&id_tema=5&ver=#.xbmfbppkiuk
2022;10302;1;3;2;10302;AMAZONAS;BONGARA;CHACHAPOYAS;2;1;6;PLAZA DE ARMAS; ; ; ; ;41; ;984272521; ;41;987180110; ;CHISQUILLASECRETARIA@GMAIL.COM; ;EVELIN AURORA;CRUZ;LAPIZ;1;1;2; ; ;2; ; ;2; ; ;1;1;0;2; ; ;2; ; ;2; ; ;2; ; ;1;6;0;2; ; ; ;1;2; ; ;1;1;0;2; ; ;2; ; ;2; ; ;2; ; ;2; ; ;2; ; ; ;1;2; ;1;1;1;2; ;2; ;2; ;2; ;2; ;1;4;2; ;2; ;2; ; ;1;1;4;4;1;1;1;2; ;2; ;1;2;2; ;2; ; ;1;0;0;3;4;0;6;0;0;0; ;1;1;0;0;0;5;6;0;0;0;0;0;12;0; ;0;1;3; 
2022;10303;1;3;3;10303;AMAZONAS;BONGARA;CHACHAPOYAS;2;1;6;PLAZA DE ARMAS;1; ; ; ;41;718034;928580525; ;41;956028865; ;MESADEPARTES.CHURUJA.BONGARA@GMAIL.COM; ;GEINER;ESPINOZA;MEZA;2;1;1;1;0;2; ; ;2; ; ;2; ; ;2; ; ;2; ; ;2; ; ;2; ; ;2; ; ;2; ; ; ;1;2; ; ;2; ; ;2; ; ;2; ; ;2; ; ;2; ; ;2; ; ;2; ; ; ;1;1;1;1;1;1;2; ;2; ;2; ;2; ;2; ;1;4;2; ;2; ;2; ; ;1;1;4;4;1;1;1;1;1;1;2;2; ;2; ;2; ; ;1;0;0;0;4;0;0;0;0;0; ;1;0;0;0;0;0;0;0;0;0;0;0;0;0; ;14;1;2; 
2022;10304;1;3;4;10304;AMAZONAS;BONGARA;CHACHAPOYAS;2;1;2;SAN LUCAS; ; ; ; ;41; ;950467653;973007481;41;963030257; ;NILSONCANOCOROSHA@GMAIL.COM;WWW.MUNICOROSHA.GOB.PE;NILSON;CANO;VALDEZ;2;1;1;1;0;2; ; ;2; ; ;1;1;0;2; ; ;2; ; ;2; ; ;2; ; ;2; ; ;2; ; ; ;1;2; ; ;2; ; ;2; ; ;2; ; ;2; ; ;2; ; ;2; ; ;2; ; ; ;1;1;1;1;3;1;1;1;2; ;2; ;2; ;2; ;1;1;1;1;2; ;2; ; ;1;2; ; ;1;1;1;2; ;1;1;1;3;1;1;2; ; ;1;0;0;3;4;0;0;0;0;0; ;1;0;2;3;4;5;0;0;0;9;0;0;12;0; ;0;1;2; 
2022;10305;1;3;5;10305;AMAZONAS;BONGARA;CHACHAPOYAS;2;1;2;UNION;266;5;31; ;41; ;978832744; ;41;965845736; ;MUNICIPALIDADCUISPES@GMAIL.COM; ;NEISER;GALOC;CAVA;2;1;2; ; ;1;3;0;2; ; ;2; ; ;2; ; ;2; ; ;2; ; ;2; ; ;2; ; ;2; ; ; ;1;2; ; ;2; ; ;2; ; ;2; ; ;2; ; ;2; ; ;2; ; ;2; ; ; ;1;2; ;1;1;1;2; ;2; ;2; ;2; ;2; ;2; ;1;2;2; ;2; ; ;1;1;2;4;1;1;1;1;1;1;1;1;1;2; ;2; ; ;1;0;0;0;4;0;0;0;0;0; ;1;0;0;0;0;0;0;0;0;0;0;0;0;0; ;14;1;3; 
2022;10306;1;3;6;10306;AMAZONAS;BONGARA;CHACHAPOYAS;2;1;2;FLORIDA;501; ; ; ;41; ; ; ;41;979097125; ;MUNIFLORIDA@HOTMAIL.COM; ;JULIO ENRIQUE;ASENJO;LARISBEASCOA;2;1;1;1;0;1;1;0;2; ; ;1;1;0;1;1;0;2; ; ;2; ; ;2; ; ;2; ; ;2; ; ; ;1;1;1;0;1;1;0;2; ; ;2; ; ;2; ; ;2; ; ;2; ; ;2; ; ; ;1;2; ;2; ;1;2; ;2; ;2; ;2; ;1;12;2; ;2; ;2; ;2; ; ;1;1;12;4;1;2; ;2; ;2; ;1;1;1;1;2; ; ;1;0;0;0;4;0;0;0;0;0; ;1;0;2;3;0;5;0;7;0;9;0;0;0;0; ;0;1;2; 
2022;10307;1;3;7;10307;AMAZONAS;BONGARA;CHACHAPOYAS;2;1;1;MARGINAL;172; ; ; ;41; ; ; ;41;976185596;WWW.FACEBOOK.COM/MUNICIPALIDADJAZAN;MUNICIPALIDAD.JAZAN@MUNIJAZAN.GOB.PE;WWW.GOB.PE/MUNIJAZAN;DANIEL;GUIOP;HUAMAN;2;1;1;2;0;1;4;0;2; ; ;1;1;1;2; ; ;2; ; ;1;1;0;1;1;0;2; ; ;2; ; ; ;1;2; ; ;1;1;0;2; ; ;2; ; ;2; ; ;2; ; ;2; ; ;2; ; ; ;1;2; ;2; ;1;2; ;1;1;1;2;2; ;1;7;1;14;1;13;1;3;2; ; ;1;1;30;5;1;1;2;1;2;1;6;1;13;1;1;1;1;IMPRESORA TERMICA;1;0;2;3;4;0;0;0;8;0; ;1;1;2;3;4;5;6;7;0;9;10;0;0;0; ;0;1;1;www.transparencia.gob.pe/enlaces/pte_transparencia_enlaces.aspx?id_entidad=10120#.y7h73xbmidu
2022;10308;1;3;8;10308;AMAZONAS;BONGARA;CHACHAPOYAS;2;1;2;SAN MARTIN;S/N; ;1; ;41;330049;979470337;966182473;41;379470; ;MUNIRECTA@GMAIL.COM; ;MANUEL JESUS;LOPEZ;GOLAC;2;1;2; ; ;1;1;0;1;1;0;2; ; ;2; ; ;2; ; ;1;0;1;2; ; ;2; ; ;2; ; ; ;1;2; ; ;2; ; ;2; ; ;2; ; ;2; ; ;2; ; ;2; ; ;2; ; ; ;1;1;1;1;1;1;2; ;2; ;2; ;2; ;1;2;2; ;2; ;2; ;2; ; ;1;1;2;1;1;2; ;2; ;2; ;1;2;2; ;2; ; ;1;0;0;0;4;0;0;0;0;0; ;1;0;0;0;0;5;0;0;0;0;0;0;12;0; ;0;1;3; 
2022;10309;1;3;9;10309;AMAZONAS;BONGARA;CHACHAPOYAS;2;1;3;SANTA CATALINA;S/N; ; ; ;41; ;944947150; ;41;931280879; ;MUNIDISTRITOSANCARLOS@GMAIL.COM; ;NEPTALI ELIAS;ALVAREZ;SANTAMARIA;2;1;1;2;0;2; ; ;2; ; ;2; ; ;2; ; ;2; ; ;1;1;0;2; ; ;2; ; ;1;1;0;COMBI (HASTA 15 ASIENTOS);1;2; ; ;2; ; ;2; ; ;2; ; ;2; ; ;2; ; ;2; ; ;2; ; ; ;1;2; ;1;2;1;2; ;1;1;1;1;2; ;1;1;2; ;2; ;2; ;2; ; ;1;1;3;1;1;1;1;1;1;1;1;1;1;1;1;2; ; ;1;0;0;0;4;0;0;0;0;0; ;1;0;0;3;0;5;6;0;0;9;0;0;12;0; ;0;1;3; 
2022;10310;1;3;10;10310;AMAZONAS;BONGARA;CHACHAPOYAS;2;1;2;PROGRESO;382; ; ; ;41; ;995036089; ;41;959589867; ;SHIPASBAMBA2019@HOTMAIL.COM; ;PEPE;PEREZ;SILVA;2;1;2; ; ;2; ; ;2; ; ;1;1;0;2; ; ;2; ; ;2; ; ;2; ; ;2; ; ;1;1;0;MOTOFURGONETA Y/O MOTOCARGA;1;2; ; ;2; ; ;2; ; ;2; ; ;2; ; ;2; ; ;2; ; ;2; ; ; ;1;2; ;1;1;1;1;5;2; ;2; ;2; ;2; ;2; ;2; ;2; ;2; ; ;1;1;5;1;1;2; ;2; ;2; ;1;1;1;1;2; ; ;1;0;0;0;4;5;0;0;8;0; ;1;0;0;0;0;5;0;0;0;9;0;0;12;0; ;0;1;3; 
2022;10311;1;3;11;10311;AMAZONAS;BONGARA;CHACHAPOYAS;2;1;1;GOCTA;S/N; ; ; ;41;452371;910984044;944605721;41;423785;WWW.FACEBOOK.COM/MUNIVALERA;MUNIVALERA_MDV@HOTMAIL.COM; ;ESTEBAN SAMUEL;VALQUI;RAMOS;2;1;1;2;1;1;1;0;2; ; ;2; ; ;2; ; ;2; ; ;2; ; ;2; ; ;2; ; ;2; ; ; ;1;2; ; ;2; ; ;2; ; ;2; ; ;2; ; ;2; ; ;2; ; ;2; ; ; ;1;1;2;1;2;1;2; ;2; ;2; ;2; ;2; ;1;2;2; ;2; ;2; ; ;1;1;2;1;1;2; ;2; ;1;1;1;1;1;1;2; ; ;1;0;0;0;4;0;0;0;0;0; ;1;1;0;0;0;5;0;7;0;9;10;0;12;0; ;0;1;2; 
2022;10312;1;3;12;10312;AMAZONAS;BONGARA;CHACHAPOYAS;2;1;2;ANGELINO CULQUITON;195; ; ; ;41; ;978066793; ;41;937771430; ;MUNIDISTRITALYAMBRASBAMBA@GMAIL.COM; ;JOSE TELMO;HERNANDEZ;ZELADA;2;1;1;2;0;1;2;5;1;1;0;1;1;1;2; ; ;2; ; ;2; ; ;2; ; ;2; ; ;2; ; ; ;1;1;1;0;1;0;1;1;1;0;2; ; ;1;0;1;2; ; ;2; ; ;2; ; ; ;1;2; ;1;1;1;2; ;2; ;2; ;2; ;1;8;1;2;1;1;2; ;2; ; ;1;1;1;4;1;1;1;1;1;2; ;1;9;1;2;2; ; ;1;0;0;0;4;0;0;0;8;0; ;1;0;0;0;0;0;0;0;0;0;0;0;12;0; ;0;1;3; 
2022;10401;1;4;1;10401;AMAZONAS;CONDORCANQUI;CHACHAPOYAS;1;1;2;GONZALO PUERTA;100; ; ; ;41;816804;988783235;937353345;41; ;WWW.FACEBOOK.COM/MPCONDORCANQUI/;MUNICONDORCANQUI@GMAIL.COM; ;HECTOR ORLANDO;REQUEJO;LONGINOTE;2;1;1;1;2;1;1;1;2; ; ;1;1;1;2; ; ;2; ; ;1;1;0;1;1;1;2; ; ;1;1;0;COMPRESORA DE AIRE;1;1;1;0;1;1;0;1;1;0;2; ; ;2; ; ;2; ; ;1;1;0;2; ; ; ;1;1;1;1;1;1;2; ;2; ;2; ;2; ;1;13;1;62;1;26;1;2;2; ; ;1;1;103;4;1;1;15;1;3;1;25;1;26;1;4;2; ; ;1;0;0;3;4;0;0;0;0;0; ;1;1;0;0;0;0;0;7;0;0;0;0;12;0; ;0;1;4;www.transparencia.gob.pe/enlaces/pte_transparencia_enlaces.aspx?id_entidad=11820&id_tema=1&ver=d
2022;10402;1;4;2;10402;AMAZONAS;CONDORCANQUI;CHACHAPOYAS;2;1;3;SENTAMAI;201; ; ; ;41; ; ; ;41;965935782;WWW.FACEBOOK.COM/MUNICIPALIDAD-DISTRITAL-DE-EL-CENEPA-2236044876647644/;MESADEPARTESMUNICENEPA@GMAIL.COM; ;CARLOS;ALBERTO;YANKIKAT;2;1;2; ; ;1;3;0;2; ; ;2; ; ;2; ; ;2; ; ;2; ; ;1;2;0;2; ; ;2; ; ; ;1;2; ; ;2; ; ;2; ; ;2; ; ;2; ; ;2; ; ;2; ; ;2; ; ; ;1;2; ;2; ;1;2; ;2; ;2; ;2; ;1;5;1;7;1;8;1;8;2; ; ;1;1;28;1;1;2; ;2; ;1;3;1;18;1;1;2; ; ;1;0;0;0;4;0;0;0;0;0; ;1;0;0;0;0;0;0;0;0;0;0;0;0;0; ;14;1;3; 
2022;10403;1;4;3;10403;AMAZONAS;CONDORCANQUI;CHACHAPOYAS;2;1;1;ZACARIAS;S/N; ; ; ;41; ;966870387; ;41;964503354; ;MUNIRIOSANTIAGO84@GMAIL.COM; ;MARCIAL;PETSA;TSEJEM;2;1;2; ; ;2; ; ;2; ; ;1;1;0;2; ; ;2; ; ;2; ; ;1;1;0;2; ; ;1;1;0;FURGONETA Y/O VAN;1;2; ; ;2; ; ;2; ; ;1;1;0;2; ; ;2; ; ;2; ; ;1;1;0;MINIEXCAVADORA;1;2; ;2; ;1;2; ;2; ;2; ;2; ;1;32;1;22;1;8;2; ;2; ; ;1;1;60;4;1;1;1;2; ;1;30;1;10;2; ;2; ; ;1;0;0;3;4;0;0;0;0;0; ;1;0;2;3;0;5;0;0;8;9;0;0;12;0; ;0;1;1;www.muniriosantiago.gob.pe/
2022;10501;1;5;1;10501;AMAZONAS;LUYA;CHACHAPOYAS;1;1;2;MIGUEL GRAU;528; ; ; ;41;830123; ; ;41;978585525; ;ALCALDIA@MUNILUYA.GOB.PE;WWW.MUNILUYA.GOB.PE;DIOGENES HUMBERTO;ZAVALETA;TENORIO;2;1;1;7;1;1;5;2;1;1;0;1;3;0;2; ; ;2; ; ;2; ; ;2; ; ;2; ; ;1;2;0;FURGONETA Y/O VAN;1;2; ; ;1;1;0;1;1;0;1;1;0;1;1;1;1;0;1;1;1;0;2; ; ; ;1;1;1;2; ;1;2; ;2; ;2; ;2; ;1;9;1;28;1;17;2; ;2; ; ;1;1;54;3;1;2; ;1;1;1;4;1;26;1;3;2; ; ;1;0;0;3;4;0;0;0;0;0; ;1;1;0;0;0;0;0;0;0;0;0;0;0;0; ;0;1;1;www.transparencia.gob.pe/enlaces/pte_transparencia_enlaces.aspx?id_entidad=10136&id_tema=1&ver=d
2022;10502;1;5;2;10502;AMAZONAS;LUYA;CHACHAPOYAS;2;1;2;JOSE SANTOS CHOCANO;2; ; ; ;41; ;993910524; ;41;986043495; ;MUNICIPALIDADDECAMPORREDONDO@GMAIL.COM; ;CEIBER ALBERT;LOZANO;VASQUEZ;2;1;1;1;0;1;1;0;2; ; ;1;1;0;2; ; ;2; ; ;2; ; ;1;1;0;2; ; ;2; ; ; ;1;2; ; ;1;1;0;1;0;1;1;0;1;1;1;0;2; ; ;2; ; ;2; ; ; ;1;2; ;2; ;1;2; ;2; ;2; ;2; ;1;2;1;2;1;2;2; ;1;2;INTEL XEON;1;1;8;1;1;2; ;2; ;2; ;1;5;2; ;2; ; ;1;0;0;0;4;0;0;0;0;0; ;1;1;2;3;4;5;0;0;0;9;0;11;12;0; ;0;1;3; 
2022;10503;1;5;3;10503;AMAZONAS;LUYA;CHACHAPOYAS;2;1;2;CEMENTERIO;S/N; ; ; ;41; ;938799448;944928167;41;948523458; ;ULECOCABAMBA1@GMAIL.COM; ;SEGUNDO PEDRO;CULQUIMBOZ;ROJAS;2;1;2; ; ;2; ; ;2; ; ;2; ; ;2; ; ;2; ; ;2; ; ;2; ; ;2; ; ;2; ; ; ;1;2; ; ;2; ; ;2; ; ;2; ; ;2; ; ;2; ; ;2; ; ;2; ; ; ;1;2; ;2; ;1;2; ;2; ;2; ;1;2;2; ;1;4;2; ;2; ;2; ; ;1;2; ; ;1;1;1;2; ;2; ;1;3;2; ;2; ; ;1;0;0;0;4;0;0;0;0;0; ;1;0;0;0;0;0;0;0;0;0;0;0;0;0; ;14;1;4;www.transparencia.gob.pe/enlaces/pte_transparencia_enlaces.aspx?id_entidad=10140#.y7goldvbxpb
2022;10504;1;5;4;10504;AMAZONAS;LUYA;CHACHAPOYAS;2;1;2;28 DE JULIO;S/N; ; ; ;41; ;970116587; ;41;968635090; ;MUNIDISDRITALCOLCAMAR@GMAIL.COM; ;LESTER;MENDOZA;HUAMAN;2;1;2; ; ;2; ; ;2; ; ;2; ; ;2; ; ;2; ; ;1;0;1;2; ; ;2; ; ;2; ; ; ;1;2; ; ;2; ; ;2; ; ;2; ; ;2; ; ;2; ; ;2; ; ;2; ; ; ;1;2; ;1;1;1;1;4;2; ;2; ;2; ;1;1;2; ;1;3;2; ;2; ; ;1;1;1;5;1;2; ;2; ;1;1;1;2;1;1;2; ; ;1;0;0;3;4;0;0;0;0;0; ;1;1;2;0;0;5;0;0;0;9;10;0;12;0; ;0;1;1;www.gob.pe/municolcamar
2022;10505;1;5;5;10505;AMAZONAS;LUYA;CHACHAPOYAS;2;1;2;BOLOGNESI - PLAZA MAYOR DE MAURICIO TOMANGUILLA;S/N;26;1; ;41; ;941991188; ;41;932333744; ;MUNICIPALIDADDECONILA@GMAIL.COM; ;GILMER;CULLAMPE;CANTA;2;1;1;0;2;1;3;0;2; ; ;1;1;0;2; ; ;2; ; ;2; ; ;2; ; ;2; ; ;2; ; ; ;1;2; ; ;2; ; ;2; ; ;1;0;1;1;0;1;2; ; ;2; ; ;2; ; ; ;1;2; ;1;1;1;2; ;2; ;2; ;2; ;1;4;2; ;2; ;2; ;2; ; ;1;1;4;4;1;2; ;2; ;2; ;1;2;2; ;2; ; ;1;0;0;0;4;0;0;0;0;0; ;1;0;0;3;0;5;6;0;0;0;0;0;12;0; ;0;1;3; 
2022;10506;1;5;6;10506;AMAZONAS;LUYA;CHACHAPOYAS;2;1;2;SAN ISIDRO - PLAZA DE ARMAS INGUILPATA LUYA AMAZONAS;S/N; ; ; ;41; ; ; ;41;939713427; ;MUNIDISTRITALINGUILPATA.LUYA@GMAIL.COM; ;GEINER;ZAGACETA;ZAGACETA;2;1;2; ; ;2; ; ;2; ; ;1;1;0;2; ; ;2; ; ;2; ; ;2; ; ;2; ; ;2; ; ; ;1;2; ; ;2; ; ;2; ; ;2; ; ;2; ; ;2; ; ;2; ; ;2; ; ; ;1;2; ;2; ;1;2; ;2; ;2; ;2; ;1;1;1;1;1;1;2; ;2; ; ;1;2; ; ;1;1;1;2; ;2; ;1;3;2; ;2; ; ;1;0;0;0;4;0;0;0;0;0; ;1;1;2;0;4;5;6;0;0;0;0;0;12;0; ;0;1;3; 
2022;10507;1;5;7;10507;AMAZONAS;LUYA;CHACHAPOYAS;2;1;1;SAN MARTIN PLAZA ARMAS;S/N; ; ; ;41; ;970200395; ;41;945173973; ;LONGUITAMDL2019@HOTMAIL.COM; ;MIGUEL;CRUZ;LASERNA;2;1;1;0;2;1;5;0;2; ; ;2; ; ;1;1;0;2; ; ;2; ; ;2; ; ;2; ; ;2; ; ; ;1;2; ; ;2; ; ;2; ; ;2; ; ;2; ; ;2; ; ;2; ; ;2; ; ; ;1;2; ;2; ;1;2; ;2; ;2; ;2; ;2; ;1;2;1;4;2; ;2; ; ;1;2; ; ;1;2; ;2; ;1;3;1;1;1;1;2; ; ;1;0;0;0;4;0;6;7;0;0; ;1;0;0;0;0;0;0;0;0;0;0;0;12;0; ;0;1;3; 
2022;10508;1;5;8;10508;AMAZONAS;LUYA;CHACHAPOYAS;2;1;2;ORTIZ ARRIETA;S/N; ; ; ;41; ;920728207; ;41;954648942; ;LONYACHICOMP2020@GMAIL.COM; ;EFRAIN;GUERRA;GOMEZ;2;1;1;1;1;2; ; ;2; ; ;2; ; ;2; ; ;2; ; ;2; ; ;2; ; ;2; ; ;1;0;1;TRIMOTO Y/O MOTOTAXY;1;2; ; ;2; ; ;2; ; ;2; ; ;2; ; ;2; ; ;2; ; ;2; ; ; ;1;2; ;1;2;1;1;1;2; ;2; ;2; ;1;2;1;2;1;2;2; ;2; ; ;1;1;4;1;1;2; ;1;2;1;1;1;3;2; ;2; ; ;1;0;0;0;4;0;0;0;0;0; ;1;0;0;0;0;0;0;0;0;0;0;0;0;0; ;14;1;1;www.transparencia.gob.pe/enlaces/pte_transparencia_enlaces.aspx?id_entidad=10156#.xbh49zpkiuk
2022;10509;1;5;9;10509;AMAZONAS;LUYA;CHACHAPOYAS;2;1;2;DIEGO MORI ZUTA;447; ; ; ;41; ;941870273; ;41;945396481;WWW.FACEBOOK.COM/MUNILUYA;MUNILUYA1732@GMAIL.COM; ;NEWMAN EDGARD;TUESTA;AGUILAR;2;1;1;0;1;1;2;0;2; ; ;1;1;0;2; ; ;2; ; ;2; ; ;2; ; ;2; ; ;2; ; ; ;1;2; ; ;1;1;0;2; ; ;2; ; ;2; ; ;1;1;1;2; ; ;2; ; ; ;1;2; ;1;1;1;2; ;2; ;2; ;2; ;1;6;1;4;2; ;2; ;2; ; ;1;1;9;1;1;1;2;1;2;1;3;1;5;1;1;2; ; ;1;0;0;3;4;0;0;0;0;0; ;1;0;0;0;0;5;0;0;0;0;0;0;12;0; ;0;1;2; 
2022;10510;1;5;10;10510;AMAZONAS;LUYA;CHACHAPOYAS;2;1;2;PROGRESO;343; ; ; ;41; ; ; ;41;927225506; ;MUNILUYAVIEJO73@GMAIL.COM; ;LAURIANO;FERNANDEZ;COLLANTES;2;1;1;1;3;1;1;0;2; ; ;1;1;0;2; ; ;2; ; ;2; ; ;2; ; ;2; ; ;1;1;0;FURGONETA Y/O VAN;1;2; ; ;2; ; ;2; ; ;2; ; ;2; ; ;1;0;1;1;0;1;2; ; ; ;1;2; ;2; ;1;2; ;2; ;2; ;2; ;2; ;1;4;1;1;2; ;2; ; ;1;1;3;2;1;1;1;1;3;2; ;1;2;2; ;2; ; ;1;0;0;0;4;0;0;0;8;0; ;1;1;2;3;4;5;6;0;0;0;0;0;12;0; ;0;1;2; 
2022;10511;1;5;11;10511;AMAZONAS;LUYA;CHACHAPOYAS;2;1;2;BOLOGNESI;S/N; ; ; ;41; ;941700799; ;41;958433564; ;MUNI.MARIA.2019@GMAIL.COM; ;PERLA DEL CARMEN;TORREJON;CRUZ;1;1;1;1;2;1;2;0;2; ; ;1;1;0;2; ; ;2; ; ;2; ; ;2; ; ;2; ; ;1;1;0;TRIMOTO Y/O MOTOTAXY;1;2; ; ;2; ; ;2; ; ;2; ; ;2; ; ;2; ; ;2; ; ;2; ; ; ;1;2; ;1;1;1;2; ;2; ;2; ;2; ;2; ;2; ;1;3;2; ;2; ; ;1;1;3;1;1;2; ;2; ;2; ;1;2;1;1;2; ; ;1;0;0;3;4;0;0;7;0;0; ;1;1;2;3;4;5;0;7;0;0;0;0;12;0; ;0;1;3; 
2022;10512;1;5;12;10512;AMAZONAS;LUYA;CHACHAPOYAS;2;1;1;LIBERTAD;598; ; ; ;41; ; ; ;41;948253560; ; ; ;ARON;FUENTES;DAVILA;2;1;1;2;0;1;0;1;2; ; ;1;1;0;2; ; ;2; ; ;2; ; ;1;1;1;2; ; ;1;0;1;COMPRESORA DE AIRE;1;2; ; ;1;1;0;2; ; ;2; ; ;1;1;0;2; ; ;2; ; ;2; ; ; ;1;2; ;2; ;1;2; ;2; ;2; ;2; ;1;3;1;3;1;4;2; ;2; ; ;1;1;8;1;1;2; ;2; ;2; ;1;6;1;2;2; ; ;1;0;0;3;4;0;0;0;0;0; ;1;0;0;0;0;0;0;0;0;0;0;0;12;0; ;0;1;2; 
2022;10513;1;5;13;10513;AMAZONAS;LUYA;CHACHAPOYAS;2;1;2;TUPAC AMARU;S/N; ; ; ;41; ;992892437; ;41;961167228; ;M.D.OCUMAL@HOTMAIL.COM; ;ROBERT;MENDOZA;MESTANZA;2;1;1;1;0;2; ; ;2; ; ;2; ; ;2; ; ;2; ; ;2; ; ;2; ; ;2; ; ;2; ; ; ;1;2; ; ;1;1;0;2; ; ;2; ; ;2; ; ;2; ; ;2; ; ;2; ; ; ;1;2; ;1;1;1;2; ;1;3;2; ;2; ;1;2;1;1;2; ;2; ;2; ; ;1;1;6;4;1;1;1;1;1;1;3;1;1;1;1;2; ; ;1;0;0;3;4;0;0;0;0;0; ;1;1;2;3;4;5;0;0;0;0;0;0;12;0; ;0;1;2; 
2022;10514;1;5;14;10514;AMAZONAS;LUYA;CHACHAPOYAS;2;1;6;PLAZA DE ARMAS YOMBLON;S/N;1;1;1;41;813094;953903506;948775129;41;813094; ;MUNICIPALIDADDEPISUQUIA@HOTMAIL.COM; ;EDILBERTO;CHAVEZ;MEDINA;2;1;1;1;0;1;2;0;2; ; ;1;1;1;2; ; ;2; ; ;2; ; ;2; ; ;2; ; ;2; ; ; ;1;2; ; ;1;1;0;2; ; ;2; ; ;1;1;0;2; ; ;2; ; ;2; ; ; ;1;1;1;1;1;1;1;1;2; ;2; ;2; ;2; ;1;4;1;1;2; ;2; ; ;1;1;6;4;1;1;1;2; ;1;6;2; ;2; ;2; ; ;1;0;0;0;4;0;6;0;0;0; ;1;0;0;0;0;5;0;0;0;0;0;0;0;0; ;0;1;3; 
2022;10515;1;5;15;10515;AMAZONAS;LUYA;CHACHAPOYAS;2;1;3;GLORIOSO VEGA;S/N; ; ; ;41; ;950745184;942450501;41;996260904; ;010515PROVIDENCIA@GMAIL.COM; ;WILDER;PUERTA;VASQUEZ;2;1;1;1;0;2; ; ;2; ; ;2; ; ;2; ; ;2; ; ;2; ; ;2; ; ;2; ; ;2; ; ; ;1;2; ; ;2; ; ;2; ; ;2; ; ;2; ; ;2; ; ;2; ; ;2; ; ; ;1;2; ;1;1;1;2; ;2; ;2; ;2; ;1;3;1;1;2; ;2; ;2; ; ;1;1;4;1;1;2; ;2; ;2; ;1;3;2; ;2; ; ;1;0;0;3;4;0;0;0;0;0; ;1;1;0;0;0;5;0;0;0;0;0;0;12;0; ;0;1;2; 
2022;10516;1;5;16;10516;AMAZONAS;LUYA;CHACHAPOYAS;2;1;2;BONGARA;S/N; ; ; ;41; ; ; ;41;921508750; ;MDSC_20201.A@GMAIL.COM; ;ANTOLINO;VALQUI;VARGAS;2;1;2; ; ;2; ; ;2; ; ;2; ; ;2; ; ;2; ; ;2; ; ;2; ; ;2; ; ;1;2;1;MOTOFURGONETA Y/O MOTOCARGA;1;2; ; ;2; ; ;2; ; ;2; ; ;2; ; ;1;1;0;2; ; ;2; ; ; ;1;2; ;2; ;1;2; ;2; ;2; ;2; ;1;1;2; ;1;1;1;1;2; ; ;1;1;3;4;1;1;1;1;1;2; ;2; ;2; ;2; ; ;1;0;0;3;4;5;0;7;0;9;SISFOH - Sistema de Focalización de Hogares;1;1;2;3;4;5;6;7;0;9;0;0;12;0; ;0;1;3; 
2022;10517;1;5;17;10517;AMAZONAS;LUYA;CHACHAPOYAS;2;1;2;SIMON BOLIVAR;S/N; ; ; ;41; ; ; ;41;941960993; ;MUNICIPIODELYESO@HOTMAIL.COM; ;WILLIAM;LOPEZ;ALVA;2;1;1;1;1;2; ; ;2; ; ;1;1;0;2; ; ;2; ; ;1;0;1;2; ; ;2; ; ;2; ; ; ;1;2; ; ;2; ; ;2; ; ;2; ; ;2; ; ;2; ; ;2; ; ;2; ; ; ;1;2; ;2; ;1;1;6;2; ;2; ;2; ;2; ;2; ;1;2;2; ;2; ; ;1;1;1;3;1;1;1;1;2;1;1;1;2;1;1;2; ; ;1;0;0;3;4;0;0;0;8;0; ;1;0;0;0;0;0;0;0;0;0;0;0;12;0; ;0;1;1;www.gob.pe/san franciscodelyeso
2022;10518;1;5;18;10518;AMAZONAS;LUYA;CHACHAPOYAS;2;1;2;22 DE NOVIEMBRE;249; ; ; ;41; ; ; ;41;997876297; ;MUNISANJERONIMO_PACLAS@HOTMAIL.COM; ;QUELMER;GOMEZ;POQUIOMA;2;1;1;0;1;2; ; ;2; ; ;2; ; ;2; ; ;2; ; ;2; ; ;2; ; ;2; ; ;2; ; ; ;1;2; ; ;2; ; ;2; ; ;2; ; ;2; ; ;2; ; ;2; ; ;2; ; ; ;1;2; ;2; ;1;2; ;1;3;2; ;2; ;2; ;2; ;2; ;2; ;2; ; ;1;1;1;4;1;1;1;1;1;2; ;1;2;2; ;2; ; ;1;0;0;0;4;0;0;0;0;0; ;1;0;0;0;4;5;0;0;0;0;0;0;12;0; ;0;1;2; 
2022;10519;1;5;19;10519;AMAZONAS;LUYA;CHACHAPOYAS;2;1;2;MIRADOR DEL VALLE UTCUBAMBA;150; ; ; ;41; ; ; ;41;813106; ;SANJUANDELOPECANCHA5@GMAIL.COM; ;DENY ALCIVIADES;GUTIERREZ;TORREJON;2;1;2; ; ;2; ; ;2; ; ;2; ; ;2; ; ;2; ; ;1;1;0;2; ; ;2; ; ;2; ; ; ;1;2; ; ;2; ; ;2; ; ;2; ; ;2; ; ;2; ; ;2; ; ;2; ; ; ;1;2; ;2; ;1;1;2;2; ;1;1;2; ;2; ;2; ;2; ;2; ;2; ; ;1;1;3;4;1;2; ;2; ;1;2;2; ;2; ;2; ; ;1;0;0;0;4;0;0;0;0;0; ;1;0;0;0;0;0;0;0;0;0;0;0;12;0; ;0;1;3; 
2022;10520;1;5;20;10520;AMAZONAS;LUYA;CHACHAPOYAS;2;1;1;COMERCIO;S/N; ; ; ;41;478014;951878174; ;41;990050046; ;MUNISANTACATALINA2@GMAIL.COM; ;LEONCIO;GOMEZ;VELA;2;1;1;1;0;1;0;1;2; ; ;1;1;0;2; ; ;2; ; ;1;1;0;1;1;0;2; ; ;2; ; ; ;1;2; ; ;2; ; ;2; ; ;2; ; ;2; ; ;2; ; ;2; ; ;2; ; ; ;1;1;1;1;1;1;2; ;2; ;2; ;2; ;2; ;1;1;1;1;2; ;2; ; ;1;1;2;1;1;1;1;2; ;2; ;1;2;1;1;2; ; ;1;0;0;0;4;0;6;7;8;0; ;1;1;0;0;4;5;0;0;0;0;0;0;12;0; ;0;1;1;www.transparencia.gob.pe/enlaces/pte_transparencia_enlaces.aspx?id_entidad=10177&id_tema=1&ver=d
2022;10521;1;5;21;10521;AMAZONAS;LUYA;CHACHAPOYAS;2;1;2;SAN MARTIN;351;15;3;17;41;611111; ; ;41;999697944; ;MUNISANTOTOMAS1@GMAIL.COM; ;ENRIQUE;RITUAY;CHAVEZ;2;1;1;1;0;1;1;1;2; ; ;2; ; ;2; ; ;2; ; ;2; ; ;2; ; ;2; ; ;2; ; ; ;1;2; ; ;2; ; ;2; ; ;2; ; ;2; ; ;2; ; ;2; ; ;2; ; ; ;1;1;1;1;1;1;2; ;1;6;2; ;2; ;2; ;2; ;2; ;2; ;2; ; ;1;1;6;1;1;2; ;2; ;2; ;1;6;1;1;2; ; ;1;0;0;3;4;0;0;0;0;0; ;1;0;0;0;0;0;0;0;0;0;0;0;12;0; ;0;1;3; 
2022;10522;1;5;22;10522;AMAZONAS;LUYA;CHACHAPOYAS;2;1;2;KUELAP;454; ; ; ;41; ; ; ;41;999399381; ;MUNUCIPALIDADTINGO@GMAIL.COM; ;NEWMAN;GARCIA;VARGAS;2;1;2; ; ;2; ; ;2; ; ;2; ; ;2; ; ;2; ; ;2; ; ;2; ; ;2; ; ;2; ; ; ;1;2; ; ;2; ; ;2; ; ;2; ; ;2; ; ;2; ; ;2; ; ;2; ; ; ;1;2; ;2; ;1;2; ;2; ;2; ;2; ;2; ;1;2;2; ;1;1;2; ; ;1;1;3;5;1;1;1;2; ;1;3;1;1;1;1;2; ; ;1;0;0;3;4;5;0;0;8;0; ;1;1;2;0;4;5;0;0;0;9;0;0;12;0; ;0;1;3; 
2022;10523;1;5;23;10523;AMAZONAS;LUYA;CHACHAPOYAS;2;1;2;PROGRESO; ; ; ; ;41; ;925553960;925555611;41; ; ;AMUNITRITA1260@HOTMAIL.COM; ;ALBERTO;YALTA;VELA;2;1;1;1;0;1;1;0;2; ; ;1;1;0;2; ; ;2; ; ;1;1;0;2; ; ;2; ; ;1;1;0;TRIMOTO Y/O MOTOTAXY;1;2; ; ;2; ; ;2; ; ;2; ; ;2; ; ;2; ; ;2; ; ;2; ; ; ;1;1;1;1;2;1;2; ;2; ;2; ;2; ;2; ;2; ;1;5;2; ;2; ; ;1;1;5;5;1;1;1;1;1;1;6;2; ;1;1;2; ; ;1;0;0;0;4;0;0;0;0;0; ;1;1;0;0;0;0;0;0;0;0;0;0;0;0; ;0;1;2; 
2022;10601;1;6;1;10601;AMAZONAS;RODRIGUEZ DE MENDOZA;CHACHAPOYAS;1;1;2;MATIAZA RIMACHI;510; ; ; ;41;476020;966881649; ;41;963590592; ;MUNIMENDOZA2020@GMAIL.COM; ;HELDER;RODRIGUEZ;ZELADA;2;1;1;3;0;1;4;1;2; ; ;1;2;1;1;1;0;2; ; ;2; ; ;2; ; ;2; ; ;2; ; ; ;1;2; ; ;2; ; ;1;1;0;2; ; ;1;0;1;2; ; ;1;0;1;2; ; ; ;1;1;1;1;1;1;1;2;1;4;1;4;1;6;1;8;1;7;1;8;1;2;2; ; ;1;1;40;5;1;2; ;2; ;1;5;1;10;2; ;1;1;LECTOR BIOMETRICO;1;0;2;3;4;0;0;0;0;0; ;1;1;2;3;4;5;6;7;0;9;0;0;12;0; ;0;1;2; 
2022;10602;1;6;2;10602;AMAZONAS;RODRIGUEZ DE MENDOZA;CHACHAPOYAS;2;1;6;PLAZA DE ARMAS;S/N; ; ; ;41; ;948555803;970285775;41;957115999; ;MDCH.010602@GMAIL.COM; ;TEOFILO;IZQUIERDO;LEON;2;1;1;1;0;2; ; ;2; ; ;2; ; ;2; ; ;2; ; ;2; ; ;2; ; ;2; ; ;2; ; ; ;1;2; ; ;2; ; ;2; ; ;2; ; ;1;0;1;2; ; ;2; ; ;2; ; ; ;1;2; ;2; ;1;2; ;2; ;2; ;2; ;2; ;2; ;1;5;2; ;2; ; ;1;1;3;2;1;1;1;2; ;2; ;1;1;2; ;2; ; ;1;0;0;0;4;0;6;0;8;0; ;1;0;2;0;4;5;0;0;0;9;0;0;12;0; ;0;1;3; 
2022;10603;1;6;3;10603;AMAZONAS;RODRIGUEZ DE MENDOZA;CHACHAPOYAS;2;1;2;SAN MARTIN;S/N; ; ; ;41; ; ; ;41;916676837; ;MUNIDISTRITALCOCHAMAL@GMAIL.COM; ;JOSE FAUSTO;LOPEZ;TUESTA;2;1;2; ; ;2; ; ;2; ; ;1;1;0;2; ; ;2; ; ;2; ; ;2; ; ;2; ; ;2; ; ; ;1;2; ; ;2; ; ;2; ; ;2; ; ;2; ; ;2; ; ;2; ; ;2; ; ; ;1;2; ;2; ;1;2; ;2; ;1;1;2; ;1;2;1;1;1;4;2; ;2; ; ;1;1;4;1;1;2; ;2; ;2; ;1;3;2; ;2; ; ;1;0;0;0;4;0;0;7;0;0; ;1;0;0;0;0;0;0;0;0;0;0;0;0;0; ;14;1;3; 
2022;10604;1;6;4;10604;AMAZONAS;RODRIGUEZ DE MENDOZA;CHACHAPOYAS;2;1;2;PORVENIR;421; ; ; ;41; ;982958217; ;41;476061; ;MESADEPARTESHUAMBO@GMAIL.COM; ;NOHEMIAS;LOPEZ;AGUILAR;2;1;1;1;1;1;1;1;2; ; ;1;1;0;2; ; ;2; ; ;2; ; ;2; ; ;2; ; ;2; ; ; ;1;2; ; ;2; ; ;2; ; ;1;1;0;1;0;1;2; ; ;1;1;0;2; ; ; ;1;2; ;1;1;1;1;9;2; ;2; ;1;2;2; ;1;1;1;2;2; ;2; ; ;1;1;12;5;1;1;1;2; ;1;2;1;10;1;1;2; ; ;1;0;0;3;4;0;0;0;0;0; ;1;0;0;0;0;0;0;0;0;0;0;0;0;0; ;14;1;4;www.transparencia.gob.pe/enlaces/pte_transparencia_enlaces.aspx?id_entidad=10185#.y7crn9vbxpb
2022;10605;1;6;5;10605;AMAZONAS;RODRIGUEZ DE MENDOZA;CHACHAPOYAS;2;1;2;ANDREA ORTEGA;206; ; ; ;41; ; ; ;41;978899089; ;LIMABAMBA010605@GMAIL.COM; ;ALINSON;RIVA;NOVOA;2;1;2; ; ;1;1;2;2; ; ;1;1;0;2; ; ;2; ; ;2; ; ;1;1;0;2; ; ;2; ; ; ;1;2; ; ;2; ; ;2; ; ;2; ; ;2; ; ;2; ; ;2; ; ;2; ; ; ;1;2; ;2; ;1;2; ;2; ;2; ;2; ;1;1;1;1;1;3;2; ;2; ; ;1;1;5;4;1;1;1;1;2;1;2;1;1;1;1;2; ; ;1;0;2;3;4;5;0;0;0;0; ;1;1;2;3;4;5;6;7;0;9;0;0;12;0; ;0;1;2; 
2022;10606;1;6;6;10606;AMAZONAS;RODRIGUEZ DE MENDOZA;CHACHAPOYAS;2;1;2;HERMANOS VARGAS;100; ; ; ;41; ;971363020; ;41;947460569;WWW.FACEBOOK.COM/LONGAR MENDOZA;MUNILONGAR@HOTMAIL.COM; ;AMANDO;LOPEZ;MUÑOZ;2;1;1;1;1;1;4;0;2; ; ;1;1;0;2; ; ;2; ; ;2; ; ;2; ; ;2; ; ;2; ; ; ;1;2; ; ;2; ; ;2; ; ;2; ; ;2; ; ;2; ; ;2; ; ;2; ; ; ;1;2; ;1;1;1;2; ;2; ;2; ;2; ;1;3;1;1;1;1;2; ;2; ; ;1;1;4;3;1;1;1;2; ;2; ;1;3;2; ;2; ; ;1;0;0;0;4;0;0;0;0;0; ;1;0;0;0;0;0;0;0;0;0;0;0;0;0; ;14;1;2; 
2022;10607;1;6;7;10607;AMAZONAS;RODRIGUEZ DE MENDOZA;CHACHAPOYAS;2;1;2;SAN NICOLAS;299; ; ; ;41; ;951546899; ;41; ; ;MESADEPARTESMARISCALBENAVIDES@GMAIL.COM; ;MARIO;OCAMPO;SALDAÑA;2;1;1;1;0;1;2;0;2; ; ;1;2;0;2; ; ;2; ; ;2; ; ;2; ; ;2; ; ;1;2;0;COMBI (HASTA 15 ASIENTOS);1;2; ; ;2; ; ;2; ; ;2; ; ;2; ; ;2; ; ;2; ; ;2; ; ; ;1;2; ;1;1;1;2; ;2; ;2; ;2; ;1;2;2; ;1;4;2; ;2; ; ;1;1;6;1;1;2; ;2; ;2; ;1;3;2; ;2; ; ;1;0;2;3;4;0;6;7;0;0; ;1;0;0;3;4;5;0;0;0;9;0;0;12;0; ;0;1;3; 
2022;10608;1;6;8;10608;AMAZONAS;RODRIGUEZ DE MENDOZA;CHACHAPOYAS;2;1;2;CALICHE;S/N; ; ; ;41; ;970928253; ;41;952450648; ;MDMILPUC.010608@GMAIL.COM; ;OBED;PORTOCARRERO;PORTOCARRERO;2;1;2; ; ;2; ; ;2; ; ;2; ; ;2; ; ;2; ; ;2; ; ;2; ; ;2; ; ;1;1;0;COMBI (HASTA 15 ASIENTOS);1;2; ; ;2; ; ;2; ; ;2; ; ;2; ; ;2; ; ;2; ; ;2; ; ; ;1;2; ;1;2;1;1;1;2; ;2; ;2; ;2; ;1;1;1;1;2; ;2; ; ;1;1;1;4;1;1;1;2; ;2; ;1;3;1;1;2; ; ;1;0;0;0;4;0;0;0;0;0; ;1;1;2;3;4;5;0;0;0;0;0;0;12;0; ;0;1;3; 
2022;10609;1;6;9;10609;AMAZONAS;RODRIGUEZ DE MENDOZA;CHACHAPOYAS;2;1;1;VIRGEN DEL ROSARIO;245; ; ; ;41; ; ; ;41;943848657; ;MUNIDEOMIA@HOTMAIL.COM; ;JAVIER;DEL AGUILA;TAFUR;2;1;1;3;0;2; ; ;2; ; ;2; ; ;2; ; ;2; ; ;2; ; ;2; ; ;2; ; ;2; ; ; ;1;2; ; ;2; ; ;2; ; ;1;0;1;2; ; ;2; ; ;2; ; ;2; ; ; ;1;2; ;2; ;1;2; ;2; ;2; ;2; ;1;10;1;3;1;4;2; ;2; ; ;1;1;15;1;1;1;1;2; ;1;3;1;8;1;1;2; ; ;1;0;0;0;4;0;0;0;0;0; ;1;1;0;0;0;0;0;7;0;0;0;0;0;0; ;0;1;1;www.transparencia.gob.pe/enlaces/pte_transparencia_enlaces.aspx?id_entidad=10190#.yaqce9dmliw
2022;10610;1;6;10;10610;AMAZONAS;RODRIGUEZ DE MENDOZA;CHACHAPOYAS;2;1;2;MARTINES DE COMPAÑON;S/N; ; ; ;41; ; ; ;41;850420713; ;MPVSANTAROSA23@GMAIL.COM; ;JOSE NERIDO;ARBILDO;AGUILAR;2;1;2; ; ;1;3;0;2; ; ;1;0;1;2; ; ;2; ; ;1;0;1;2; ; ;2; ; ;2; ; ; ;1;2; ; ;2; ; ;2; ; ;2; ; ;2; ; ;1;1;0;2; ; ;2; ; ; ;1;2; ;2; ;1;1;3;2; ;2; ;2; ;2; ;2; ;1;3;2; ;2; ; ;1;2; ; ;1;1;1;2; ;1;1;1;3;1;1;2; ; ;1;0;0;3;4;0;0;0;0;0; ;1;1;0;0;0;5;0;0;0;0;0;0;12;0; ;0;1;3; 
2022;10611;1;6;11;10611;AMAZONAS;RODRIGUEZ DE MENDOZA;CHACHAPOYAS;2;1;2;CAROLINA PORTOCARRERO;S/N; ; ; ;41; ; ; ;41;938238656; ;MUNICIPALIDADDETOTORA@GMAIL.COM; ;JULIO CESAR;FERNANDEZ;PORTOCARRERO;2;1;2; ; ;1;2;0;2; ; ;2; ; ;2; ; ;2; ; ;2; ; ;1;0;1;2; ; ;1;1;0;MINIVAN Y/O MINIBUS (ENTRE 8 Y 11 ASIENTOS);1;2; ; ;2; ; ;2; ; ;2; ; ;2; ; ;2; ; ;2; ; ;2; ; ; ;1;2; ;2; ;1;2; ;2; ;1;2;2; ;2; ;2; ;2; ;2; ;2; ; ;1;1;2;1;1;2; ;2; ;2; ;1;1;2; ;2; ; ;1;0;0;3;4;0;0;0;0;0; ;1;0;0;0;0;0;0;0;0;0;0;0;0;13;SIGMU-SISTEMA INTEGRAL DE GESTION MUNICIPAL;0;1;3; 
2022;10612;1;6;12;10612;AMAZONAS;RODRIGUEZ DE MENDOZA;CHACHAPOYAS;2;1;2;HAYA DE LA TORRE;S/N; ; ; ;41; ; ; ;41;985699385; ;MUNIVISTAALEGRE.AMAZONAS@GMAIL.COM; ;MILDER;ROJAS;CAMPOS;2;1;1;1;0;2; ; ;2; ; ;2; ; ;2; ; ;2; ; ;2; ; ;2; ; ;2; ; ;2; ; ; ;1;2; ; ;2; ; ;2; ; ;2; ; ;2; ; ;2; ; ;2; ; ;2; ; ; ;1;2; ;2; ;1;2; ;2; ;2; ;2; ;2; ;1;6;1;1;2; ;2; ; ;1;1;7;4;1;2; ;2; ;2; ;1;3;1;1;2; ; ;1;0;0;0;4;0;0;0;0;0; ;1;0;0;0;0;0;0;0;0;0;0;0;0;0; ;14;1;3; 
2022;10701;1;7;1;10701;AMAZONAS;UTCUBAMBA;CHACHAPOYAS;1;1;2;ANGAMOS;349; ; ; ;41;475029; ; ;41;450688;WWW.FACEBOOK.COM/MUNICIPALIDADPROVINCIALUTCUBAMBA/;ALCALDIA@MUNIUTCUBAMBA.GOB.PE;WWW.GOB.PE/MUNIUTCUBAMBA;ALAN;GARCIA;PEREZ;2;1;1;7;0;1;20;8;2; ; ;1;6;4;1;2;1;1;2;2;1;2;1;1;1;0;2; ; ;1;1;0;MOTOFURGONETA Y/O MOTOCARGA;1;2; ; ;1;1;2;1;2;2;1;2;1;1;1;1;2; ; ;1;1;2;1;1;0;MINICARGADOR FRONTAL;1;1;1;2; ;1;2; ;2; ;1;2;2; ;1;23;1;111;1;77;2; ;2; ; ;1;1;213;5;1;1;2;1;8;2; ;1;79;1;1;1;1;PLOTTER;1;0;0;3;4;0;0;0;0;0; ;1;1;2;3;4;5;6;7;8;9;0;0;12;0; ;0;1;1;www.transparencia.gob.pe/enlaces/pte_transparencia_enlaces.aspx?id_entidad=11823#.xbmfmppkiuk
2022;10702;1;7;2;10702;AMAZONAS;UTCUBAMBA;CHACHAPOYAS;2;1;2;SAN MIGUEL;650; ; ; ;41; ; ; ;41;928989492;WWW.FACEBOOK.COM/MUNICAJARURO;MUNICAJARURO@MUNICAJARURO.GOB.PE;WWW.GOB.PE/MUNICAJARURO;HILDEBRANDO;TINEO;DIAZ;2;1;1;3;2;1;11;2;2; ; ;1;3;1;1;1;0;2; ; ;2; ; ;1;1;0;2; ; ;1;2;0;FURGONETA Y/O VAN;1;1;1;0;2; ; ;1;2;0;1;1;1;1;2;0;2; ; ;1;1;0;2; ; ; ;1;2; ;2; ;1;1;3;1;6;2; ;2; ;1;20;1;28;1;19;1;3;2; ; ;1;1;79;5;1;2; ;2; ;1;5;1;50;1;2;1;1;PLOTTER;1;0;0;3;4;0;0;0;0;0; ;1;1;0;3;0;0;0;7;0;0;0;0;0;0; ;0;1;1;www.transparencia.gob.pe/reportes_directos/pep_transparencia_acceso_informacion.aspx?id_entidad=10194#.yapxmtdmliu
2022;10703;1;7;3;10703;AMAZONAS;UTCUBAMBA;CHACHAPOYAS;2;1;1;SAN PEDRO;1058; ; ; ;41;656412;956464874;921138907;41;656412;WWW.FACEBOOK.COM/DISTRITO.CUMBA.3;MUNICIPALIDADCUMBA@GMAIL.COM; ;ELVIS ROBERT;RAMOS;GUEVARA;2;1;1;1;0;1;3;5;2; ; ;1;2;1;2; ; ;2; ; ;2; ; ;2; ; ;2; ; ;2; ; ; ;1;2; ; ;2; ; ;1;1;0;1;1;0;2; ; ;2; ; ;1;1;0;2; ; ; ;1;1;1;1;2;1;2; ;2; ;2; ;2; ;1;6;1;10;1;1;2; ;2; ; ;1;1;17;3;1;1;3;2; ;2; ;1;8;2; ;1;1;LECTOR BIOMETRICO;1;0;0;0;4;0;0;0;0;0; ;1;1;0;0;0;0;0;0;0;0;0;0;12;0; ;0;1;2; 
2022;10704;1;7;4;10704;AMAZONAS;UTCUBAMBA;CHACHAPOYAS;2;1;2;LAMBAYEQUE;183;B;3; ;41; ;914967052; ;41;953936058;WWW.FACEBOOK.COM/MUNI ELMILAGRO;MUNIMILAGRO@HOTMAIL.COM; ;RENE;VARGAS;CORONEL;2;1;1;1;0;2; ; ;2; ; ;1;2;1;2; ; ;2; ; ;2; ; ;2; ; ;2; ; ;2; ; ; ;1;2; ; ;1;1;0;2; ; ;2; ; ;2; ; ;2; ; ;2; ; ;2; ; ; ;1;2; ;1;1;1;1;4;1;2;2; ;2; ;2; ;1;1;1;4;2; ;2; ; ;1;1;10;5;1;1;1;2; ;1;1;1;8;2; ;2; ; ;1;0;0;0;4;0;0;0;0;0; ;1;0;0;0;0;0;0;0;0;0;0;0;0;0; ;14;1;2; 
2022;10705;1;7;5;10705;AMAZONAS;UTCUBAMBA;CHACHAPOYAS;2;1;2;SAN MARTIN;S/N; ; ; ;41;631472;930261421; ;41;930360140; ;MUNIJAMALCA@HOTMAIL.COM; ;EDINSON;URBINA;LOPEZ;2;1;2; ; ;1;4;2;2; ; ;1;1;0;2; ; ;2; ; ;2; ; ;2; ; ;2; ; ;2; ; ; ;1;2; ; ;1;1;0;2; ; ;2; ; ;2; ; ;2; ; ;1;1;0;2; ; ; ;1;1;1;1;1;1;2; ;2; ;2; ;2; ;1;10;1;10;1;10;1;10;2; ; ;1;1;30;5;1;1;1;1;2;1;10;1;1;1;1;2; ; ;1;0;0;3;4;0;0;0;0;0; ;1;1;2;3;4;5;6;7;8;9;0;0;12;0; ;0;1;2; 
2022;10706;1;7;6;10706;AMAZONAS;UTCUBAMBA;CHACHAPOYAS;2;1;2;2 DE MAYO;256; ; ; ;41; ; ; ;41;943108618; ;TRAMITEDOCUMENTARIO@MUNILONYAGRANDE.GOB.PE;WWW.GOB.PE/MUNILONYAGRANDE;SEGUNDO DAMIAN;TICLLA;HIDROGO;2;1;2; ; ;1;6;2;2; ; ;1;1;0;2; ; ;2; ; ;2; ; ;1;1;0;2; ; ;2; ; ; ;1;2; ; ;2; ; ;2; ; ;1;1;0;1;1;0;2; ; ;2; ; ;2; ; ; ;1;2; ;2; ;1;2; ;2; ;1;1;2; ;1;4;1;12;1;2;1;1;2; ; ;1;1;20;3;1;1;4;1;1;2; ;2; ;1;2;2; ; ;1;0;0;3;4;0;0;0;0;0; ;1;0;0;0;0;0;0;0;0;0;0;0;12;0; ;0;1;4;www.transparencia.gob.pe/enlaces/pte_transparencia_enlaces.aspx?id_entidad=10200&id_tema=1&ver=d
2022;10707;1;7;7;10707;AMAZONAS;UTCUBAMBA;CHACHAPOYAS;2;1;2;SAN ANTONIO;S/N; ; ; ;41; ; ; ;41;920854819; ;MUNIYAMON2020@GMAIL.COM; ;GILBERTO;AREVALO;TORRES;2;1;2; ; ;1;3;0;2; ; ;1;1;0;2; ; ;2; ; ;2; ; ;2; ; ;2; ; ;2; ; ; ;1;2; ; ;2; ; ;2; ; ;2; ; ;1;1;0;2; ; ;2; ; ;2; ; ; ;1;2; ;2; ;1;1;1;1;1;1;3;2; ;2; ;1;2;1;2;2; ;2; ; ;1;1;9;1;1;2; ;2; ;2; ;1;6;1;1;2; ; ;1;0;0;0;4;0;0;0;0;0; ;1;0;2;0;4;5;0;0;0;0;0;0;0;0; ;0;1;2; 
2022;20101;2;1;1;20101;ANCASH;HUARAZ;CHACHAPOYAS;1;1;1;LUZURIAGA;734; ; ; ;43;424126; ; ;43;429955;WWW.FACEBOOK.COM/MUNICIPALIDADHUARAZ; ;WWW.MUNIHUARAZ.GOB.PE/;ELISEO RORI;MAUTINO;ANGELES;2;1;1;8;1;1;15;3;1;0;1;1;1;4;1;4;3;1;1;0;1;1;0;1;2;0;2; ; ;1;4;0;MOTOFURGONETA Y/O MOTOCARGA;1;2; ; ;2; ; ;1;1;0;2; ; ;2; ; ;2; ; ;1;1;0;2; ; ; ;1;1;3;2; ;1;1;3;1;2;1;44;1;3;1;22;1;64;1;77;1;25;2; ; ;1;1;240;5;1;1;7;1;2;1;29;1;57;1;4;2; ; ;1;0;2;0;4;0;0;0;8;0; ;1;1;2;3;4;5;6;7;8;9;0;0;12;0; ;0;1;1;www.transparencia.gob.pe/reportes_directos/pep_transparencia_acceso_informacion.aspx?id_entidad=11824&id_tema=49&cod_rueep=0&ver=d.ytgvshbmliv
2022;20102;2;1;2;20102;ANCASH;HUARAZ;CHACHAPOYAS;2;1;6;PLAZA DE ARMAS;S/N; ; ; ;43; ; ; ;43;990355534; ;MUNIDIST.COCHABAMBA@GMAIL.COM; ;CLETO MARCELINO;CHAVEZ;RAMIREZ;2;1;1;1;0;2; ; ;2; ; ;2; ; ;2; ; ;2; ; ;2; ; ;2; ; ;2; ; ;2; ; ; ;1;2; ; ;2; ; ;2; ; ;2; ; ;2; ; ;2; ; ;2; ; ;2; ; ; ;1;2; ;2; ;1;2; ;1;8;2; ;2; ;2; ;2; ;1;3;2; ;2; ; ;1;1;11;1;1;1;1;2; ;2; ;1;6;1;1;2; ; ;1;0;0;0;4;0;0;0;0;0; ;1;1;2;3;4;5;6;0;0;9;0;0;12;0; ;0;1;2; 
2022;20103;2;1;3;20103;ANCASH;HUARAZ;CHACHAPOYAS;2;1;6;PLAZA DE ARMAS;S/N; ; ; ;43; ; ; ;43;970223328; ;HEDERPAREDESALCALDEMUNICOLCABAMBA@HOTMAIL.COM; ;HEDER ANTONIO;PAREDES;CHINCHAY;2;1;1;1;0;1;2;0;2; ; ;2; ; ;2; ; ;2; ; ;2; ; ;2; ; ;2; ; ;1;1;0;TRIMOTO Y/O MOTOTAXY;1;2; ; ;2; ; ;2; ; ;2; ; ;2; ; ;2; ; ;2; ; ;2; ; ; ;1;2; ;2; ;1;1;3;2; ;2; ;2; ;2; ;2; ;2; ;2; ;2; ; ;1;1;1;1;1;2; ;2; ;2; ;1;4;1;1;2; ; ;1;0;0;0;4;0;0;0;0;0; ;1;1;2;3;4;5;0;0;0;0;0;0;0;0; ;0;1;3; 
2022;20104;2;1;4;20104;ANCASH;HUARAZ;CHACHAPOYAS;2;1;1;JUNIN;S/N; ; ; ;43; ; ; ;43;967562446; ;MUNIHUANCHAY@GMAIL.COM; ;JUAN DE DIOS;GARCIA;OSORIO;2;1;1;1;0;1;2;1;2; ; ;2; ; ;2; ; ;2; ; ;2; ; ;2; ; ;2; ; ;2; ; ; ;1;2; ; ;2; ; ;2; ; ;2; ; ;2; ; ;2; ; ;2; ; ;2; ; ; ;1;2; ;2; ;1;2; ;1;6;2; ;1;1;2; ;1;4;2; ;2; ;2; ; ;1;1;11;1;1;1;1;2; ;2; ;1;2;1;1;1;1;IMPRESORA TERMICA;1;0;0;3;4;0;0;0;0;9;SISFOH - Sistema de Focalización de Hogares;1;0;0;0;0;0;0;0;0;0;0;0;0;0; ;14;1;3; 
2022;20105;2;1;5;20105;ANCASH;HUARAZ;CHACHAPOYAS;2;1;2;PABLO PATRON;257; ; ; ;43;422048;972506676;942993488;43;396262;WWW.FACEBOOK.COM/MUNIDIOFICIAL;ALCALDIA@MUNIDI.GOB.PE;WWW.MUNIDI.GOB.PE;RAFAEL CAMILO;GONZALES;CAURURO;2;1;1;14;2;1;8;30;2; ; ;1;2;0;1;4;0;1;2;0;2; ; ;2; ; ;2; ; ;2; ; ; ;1;2; ; ;1;1;1;1;1;0;1;0;1;1;2;1;2; ; ;1;1;0;1;2;0;MINICARGADOR FRONTAL;1;1;2;1;3;1;2; ;1;50;1;5;1;18;1;11;1;31;1;42;1;58;1;5;INTEL XEON;1;1;220;3;1;1;10;1;14;1;53;1;11;1;3;2; ; ;1;0;2;3;4;5;0;0;0;9;RUBPVL-Registro Único de Beneficiarios del Programa del Vaso de Leche;1;1;0;0;0;0;0;7;0;0;0;0;12;0; ;0;1;1;www.transparencia.gob.pe/enlaces/pte_transparencia_enlaces.aspx?id_entidad=10277&id_tema=1&ver=d#.xvgpxetyauk
2022;20106;2;1;6;20106;ANCASH;HUARAZ;CHACHAPOYAS;2;1;6;PLAZA DE ARMAS;S/N;1;1;1;43; ; ; ;43;958528184;WWW.FACEBOOK.COM/MUNIJANGAS.PE;MESAVIRTUAL@MUNIJANGAS.GOB.PE;WWW.GOB.PE/MUNIJANGAS;GILMER ROLIN;MENDOZA;CAUSHI;2;1;1;1;1;1;3;2;2; ; ;1;1;1;1;1;0;2; ; ;2; ; ;2; ; ;2; ; ;2; ; ; ;1;2; ; ;1;0;1;2; ; ;2; ; ;2; ; ;1;1;0;2; ; ;2; ; ; ;1;2; ;2; ;1;2; ;1;2;1;3;1;1;1;10;1;4;1;20;2; ;2; ; ;1;1;40;5;1;1;1;1;1;2; ;1;18;1;1;1;1;PLOTTER;1;0;2;3;4;0;0;0;0;0; ;1;1;0;0;0;0;0;0;0;0;0;0;0;0; ;0;1;1;www.transparencia.gob.pe/enlaces/pte_transparencia_enlaces.aspx?id_entidad=10280&id_tema=5&ver=.yrosnkzbxpy
2022;20107;2;1;7;20107;ANCASH;HUARAZ;CHACHAPOYAS;2;1;6;PLAZA DE ARMAS CAJAMARQUILLA;S/N; ; ; ;43; ; ; ;43;925041063; ;MESADEPARTES.MDLL@GMAIL.COM; ;GILBERTO WILLIAN;PICON;JAMANCA;2;1;2; ; ;1;0;1;1;1;0;2; ; ;2; ; ;2; ; ;2; ; ;2; ; ;2; ; ;2; ; ; ;1;2; ; ;2; ; ;2; ; ;2; ; ;2; ; ;2; ; ;2; ; ;2; ; ; ;1;2; ;2; ;1;1;6;2; ;1;1;2; ;2; ;2; ;2; ;2; ;2; ; ;1;2; ; ;1;1;1;1;6;1;4;1;2;1;1;2; ; ;1;0;0;0;4;0;0;0;0;0; ;1;0;2;3;4;5;6;0;0;0;0;0;12;0; ;0;1;2; 
2022;20108;2;1;8;20108;ANCASH;HUARAZ;CHACHAPOYAS;2;1;1;DAGOBERTO CACERES;117; ; ; ;43; ; ; ;43;925123269;WWW.FACEBOOK.COM/MUNICIPALIDADDISTRITALDEOLLEROS;MUNI.OLLEROS.HUARAZ@GMAIL.COM; ;ROMEL ESTIFER;GLORIA;HUERTA;2;1;1;1;0;2; ; ;2; ; ;2; ; ;2; ; ;2; ; ;2; ; ;2; ; ;2; ; ;2; ; ; ;1;2; ; ;2; ; ;2; ; ;2; ; ;2; ; ;2; ; ;2; ; ;2; ; ; ;1;2; ;2; ;1;2; ;2; ;2; ;2; ;2; ;1;7;1;1;2; ;2; ; ;1;1;8;1;1;1;1;2; ;1;4;1;6;1;1;2; ; ;1;0;0;0;4;0;0;0;0;0; ;1;0;0;0;0;0;0;7;0;0;0;0;12;0; ;0;1;3; 
2022;20109;2;1;9;20109;ANCASH;HUARAZ;CHACHAPOYAS;2;1;6;PLAZA DE ARMAS;S/N; ; ; ;43; ;947592788; ;43;943511997; ; ; ;INOCENCIO NEMESIO;VILLAFUERTE;COLONIA;2;1;1;1;1;2; ; ;2; ; ;2; ; ;2; ; ;2; ; ;1;1;0;2; ; ;2; ; ;2; ; ; ;1;2; ; ;2; ; ;2; ; ;2; ; ;1;1;0;2; ; ;2; ; ;2; ; ; ;1;2; ;1;1;1;2; ;2; ;1;2;2; ;2; ;1;4;2; ;2; ;2; ; ;1;1;4;4;1;2; ;2; ;1;4;1;5;1;1;2; ; ;1;0;0;0;4;0;6;0;0;0; ;1;0;0;0;0;0;0;0;0;0;0;0;0;0; ;14;1;3; 
2022;20110;2;1;10;20110;ANCASH;HUARAZ;CHACHAPOYAS;2;1;2;MIGUEL A MORAN;304;11;1; ;43; ; ; ;43;970827694; ;MESADEPARTESMDP@GMAIL.COM; ;LEONARDO TEODORO;COCHACHIN;ROMPE;2;1;1;1;2;1;1;2;2; ; ;1;1;1;2; ; ;2; ; ;2; ; ;2; ; ;2; ; ;2; ; ; ;1;2; ; ;2; ; ;2; ; ;1;1;0;1;0;1;2; ; ;2; ; ;2; ; ; ;1;2; ;2; ;1;2; ;2; ;2; ;2; ;2; ;1;17;2; ;2; ;2; ; ;1;1;17;5;1;2; ;2; ;2; ;1;17;1;1;2; ; ;1;0;0;0;4;0;0;0;0;0; ;1;0;2;3;4;5;0;7;8;0;0;0;12;0; ;0;1;3; 
2022;20111;2;1;11;20111;ANCASH;HUARAZ;CHACHAPOYAS;2;1;6;PLAZA DE ARMAS;S/N; ; ; ;43; ;943802099;991922699;43;947558700;WWW.FACEBOOK.COM/MUNIPIRA2020;MUNICIPALIDADDISTRITALPIRA@GMAIL.COM; ;HECTOR RAUL;OBREGON;INTI;2;1;1;3;0;1;4;0;2; ; ;1;1;0;1;1;0;2; ; ;2; ; ;2; ; ;2; ; ;2; ; ; ;1;1;2;0;2; ; ;2; ; ;2; ; ;2; ; ;2; ; ;2; ; ;2; ; ; ;1;2; ;1;3;1;2; ;1;9;1;1;2; ;2; ;1;2;2; ;2; ;2; ; ;1;1;2;5;1;1;2;1;2;1;4;1;1;2; ;2; ; ;1;1;0;0;4;0;0;0;0;0; ;1;0;0;0;0;5;0;0;0;9;0;0;12;0; ;0;1;3; 
2022;20112;2;1;12;20112;ANCASH;HUARAZ;CHACHAPOYAS;2;1;6;PLAZA DE ARMAS;S/N; ; ; ;43; ; ; ;43;920212401;WWW.FACEBOOK.COM/MUNICIPALIDADDISTRITALDETARICA2019.23;MUNITARICA19.22@GMAIL.COM; ;NANCY PETRONILA;SOTO;DEL CASTILLO;1;1;1;1;0;2; ; ;2; ; ;2; ; ;1;1;0;2; ; ;2; ; ;2; ; ;2; ; ;2; ; ; ;1;2; ; ;2; ; ;2; ; ;2; ; ;1;1;0;2; ; ;2; ; ;2; ; ; ;1;2; ;2; ;1;1;7;2; ;2; ;2; ;2; ;2; ;2; ;2; ;2; ; ;1;1;7;4;1;1;1;2; ;1;7;1;2;1;1;2; ; ;1;0;0;3;4;0;6;7;0;0; ;1;0;0;0;0;0;0;0;0;0;0;0;0;0; ;14;1;1;www.transparencia.gob.pe/enlaces/pte_transparencia_enlaces.aspx?id_entidad=10287&id_tema=1&ver=d
2022;20201;2;2;1;20201;ANCASH;AIJA;CHACHAPOYAS;1;1;6;PLAZA DE ARMAS;S/N; ; ; ;43; ; ; ;43;951451007;WWW.FACEBOOK.COM/MUNIAIJA;MUNIPROVINCIALAIJA@GMAIL.COM;WWW.GOB.PE/MUNIAIJA;PEDRO MOISES;ROQUE;ITA;2;1;1;1;0;1;2;0;2; ; ;1;2;0;1;1;0;2; ; ;2; ; ;2; ; ;2; ; ;2; ; ; ;1;2; ; ;2; ; ;2; ; ;1;1;0;1;0;1;1;1;0;2; ; ;2; ; ; ;1;2; ;2; ;1;2; ;2; ;2; ;2; ;1;1;1;11;1;5;2; ;2; ; ;1;1;16;1;1;1;1;1;1;1;6;1;3;1;1;2; ; ;1;0;0;3;4;0;0;0;0;0; ;1;1;2;3;4;5;0;7;0;9;0;0;0;0; ;0;1;1;www.transparencia.gob.pe/enlaces/pte_transparencia_enlaces.aspx?id_entidad=11825&id_tema=5&ver=.ysxiuxbmk03
2022;20202;2;2;2;20202;ANCASH;AIJA;CHACHAPOYAS;2;1;1;SAN PEDRO;S/N; ; ; ;43; ; ; ;43;959840302; ;MUNICIPALIDADDISTRITALCORIS@GMAIL.COM; ;ORLEY PROGMASIO;SALVADOR;LUGO;2;1;2; ; ;1;1;0;2; ; ;1;1;0;2; ; ;2; ; ;1;2;0;2; ; ;2; ; ;2; ; ; ;1;2; ; ;2; ; ;2; ; ;2; ; ;2; ; ;2; ; ;2; ; ;2; ; ; ;1;2; ;2; ;1;2; ;2; ;1;6;2; ;2; ;1;3;2; ;2; ;2; ; ;1;2; ; ;1;2; ;2; ;2; ;1;10;2; ;2; ; ;1;0;0;0;4;0;0;0;0;0; ;1;0;0;0;0;0;0;0;0;0;0;0;0;0; ;14;1;2; 
2022;20203;2;2;3;20203;ANCASH;AIJA;CHACHAPOYAS;2;1;1;SANTIAGO ANTUNEZ DE MAYOLO;S/N; ; ; ;43; ; ; ;43;951975966; ;MUNIHUACLLAN2019@HOTMAIL.COM; ;AGUSTIN DE CONTABER;LEON;QUIÑONES;2;1;2; ; ;2; ; ;2; ; ;2; ; ;2; ; ;2; ; ;1;1;0;1;1;0;2; ; ;1;1;0;MOTOFURGONETA Y/O MOTOCARGA;1;2; ; ;2; ; ;2; ; ;2; ; ;2; ; ;2; ; ;2; ; ;2; ; ; ;1;2; ;2; ;1;2; ;1;1;2; ;2; ;1;3;1;3;1;1;2; ;2; ; ;1;1;7;5;1;1;2;2; ;2; ;1;6;1;1;2; ; ;1;0;0;0;4;0;0;0;0;0; ;1;1;0;3;4;5;6;0;0;0;0;0;0;0; ;0;1;2; 
2022;20204;2;2;4;20204;ANCASH;AIJA;CHACHAPOYAS;2;1;6;PLAZA DE ARMAS;S/N; ; ; ;43; ; ; ;43;992297410;WWW.FACEBOOK.COM/MUNICIPALIDADDISTRITALLAMERCED-AIJA;MUNILAMERCED05@GMAIL.COM; ;MILLER OMAR;CAMONES;MAGUIÑA;2;1;1;1;1;1;1;3;2; ; ;1;1;0;1;1;0;2; ; ;2; ; ;2; ; ;2; ; ;2; ; ; ;1;2; ; ;2; ; ;2; ; ;2; ; ;2; ; ;1;1;0;2; ; ;2; ; ; ;1;2; ;2; ;1;2; ;2; ;1;3;2; ;1;2;2; ;1;2;2; ;2; ; ;1;2; ; ;1;1;2;2; ;1;5;1;6;1;1;2; ; ;1;0;0;0;4;0;0;0;0;0; ;1;0;0;0;0;0;0;0;0;0;0;0;0;0; ;14;1;3; 
2022;20205;2;2;5;20205;ANCASH;AIJA;CHACHAPOYAS;2;1;6;PLAZA DE ARMAS;320; ; ; ;43; ; ; ;43;949724473; ;MDSUCCHA@GMAIL.COM; ;ABEL REU;CASIMIRO;SORIA;2;1;2; ; ;2; ; ;2; ; ;2; ; ;2; ; ;2; ; ;1;1;0;2; ; ;2; ; ;2; ; ; ;1;2; ; ;2; ; ;2; ; ;2; ; ;2; ; ;2; ; ;2; ; ;2; ; ; ;1;2; ;2; ;1;2; ;1;7;2; ;2; ;2; ;2; ;2; ;2; ;2; ; ;1;2; ; ;1;1;2;2; ;2; ;1;3;1;1;2; ; ;1;0;0;0;4;0;6;0;8;0; ;1;1;0;3;4;5;0;0;0;0;0;0;12;0; ;0;1;3; 
2022;20301;2;3;1;20301;ANCASH;ANTONIO RAYMONDI;CHACHAPOYAS;1;1;6;PLAZA DE ARMAS;120; ; ; ;43; ; ; ;43;918778758;WWW.FACEBOOK.COM/MUNIPROVINCIAL.ANTONIORAIMONDI.9;PROVINCIAANTONIORAIMONDI@GMAIL.COM;WWW.GOB.PE/MUNIANTONIORAIMONDI;FELIX;SANDOVAL;DIAZ;2;1;1;1;0;1;0;1;2; ; ;1;1;0;1;1;0;2; ; ;2; ; ;2; ; ;2; ; ;2; ; ; ;1;2; ; ;2; ; ;2; ; ;1;1;0;1;1;0;2; ; ;2; ; ;2; ; ; ;1;2; ;2; ;1;2; ;2; ;2; ;2; ;1;25;2; ;2; ;2; ;2; ; ;1;1;16;5;1;2; ;2; ;2; ;1;15;1;1;2; ; ;1;0;0;0;4;0;0;0;0;0; ;1;1;0;0;0;0;0;0;0;0;0;0;12;0; ;0;1;4;www.transparencia.gob.pe/enlaces/pte_transparencia_enlaces.aspx?id_entidad=11827#.yaqdyddmliw
2022;20302;2;3;2;20302;ANCASH;ANTONIO RAYMONDI;CHACHAPOYAS;2;1;1;RAIMONDI;S/N; ; ; ;43;435648; ; ;43;938119438; ;MUNICIPALIDADACZO@GMAIL.COM; ;JUAN MOISES;CHAVARRIA;CARDENAS;2;1;1;1;1;1;0;2;2; ; ;1;1;1;2; ; ;2; ; ;2; ; ;1;1;0;2; ; ;2; ; ; ;1;2; ; ;2; ; ;2; ; ;2; ; ;2; ; ;1;0;1;2; ; ;2; ; ; ;1;1;1;2; ;1;2; ;2; ;1;4;2; ;2; ;1;4;2; ;1;8;2; ; ;1;1;12;3;1;1;1;1;5;1;12;1;2;1;1;2; ; ;1;0;0;3;4;0;6;0;0;0; ;1;1;2;3;4;5;6;0;0;9;10;0;12;0; ;0;1;3; 
2022;20303;2;3;3;20303;ANCASH;ANTONIO RAYMONDI;CHACHAPOYAS;2;1;3;BELLAVISTA;S/N; ; ; ;43; ;917621063; ;43;942839868; ; ; ;ELMER HORACIO;VILLAORDUÑA;JARA;2;1;2; ; ;2; ; ;2; ; ;1;1;0;2; ; ;2; ; ;2; ; ;2; ; ;2; ; ;2; ; ; ;1;2; ; ;1;1;0;2; ; ;2; ; ;2; ; ;1;1;0;2; ; ;2; ; ; ;1;2; ;1;1;1;1;1;2; ;2; ;2; ;1;1;2; ;1;1;1;1;2; ; ;1;1;4;4;1;1;2;1;3;1;2;1;3;1;1;2; ; ;1;0;0;0;4;0;0;0;0;0; ;1;1;0;0;0;0;0;0;0;0;0;0;0;0; ;0;1;4;www.transparencia.gob.pe/reportes_directos/pte_transparencia_info_finan.aspx?id_entidad=10295&id_tema=19&ver=#.y7ia93bmidv
2022;20304;2;3;4;20304;ANCASH;ANTONIO RAYMONDI;CHACHAPOYAS;2;1;1;TUPAC AMARU;S/N; ; ; ;43; ; ; ;43;961321954; ;MESADEPARTESCHINGAS@HOTMAIL.COM; ;EMMER DAIMLER;TORRE;OSTOS;2;1;1;1;0;1;0;1;2; ; ;1;1;0;2; ; ;2; ; ;2; ; ;2; ; ;2; ; ;2; ; ; ;1;2; ; ;1;1;0;2; ; ;2; ; ;2; ; ;2; ; ;2; ; ;2; ; ; ;1;2; ;2; ;1;2; ;2; ;2; ;2; ;1;3;1;4;1;2;2; ;2; ; ;1;1;9;5;1;1;1;1;1;1;4;1;5;1;1;2; ; ;1;1;2;0;4;0;0;0;0;0; ;1;1;0;0;0;5;0;0;0;9;0;0;12;0; ;0;1;2; 
2022;20305;2;3;5;20305;ANCASH;ANTONIO RAYMONDI;CHACHAPOYAS;2;1;6;PLAZA DE ARMAS;S/N;B;12;130;43; ; ; ;43;522002; ;MDMABASTECIMIENTO@GMAIL.COM; ;LENIN BORIS;SALINAS;VILLAORDUÑA;2;1;2; ; ;2; ; ;2; ; ;1;0;1;2; ; ;2; ; ;2; ; ;2; ; ;2; ; ;1;1;0;CUATRIMOTO;1;2; ; ;1;1;0;2; ; ;2; ; ;2; ; ;2; ; ;2; ; ;2; ; ; ;1;1;1;2; ;1;2; ;2; ;2; ;2; ;1;10;2; ;2; ;2; ;2; ; ;1;1;10;4;1;2; ;2; ;1;2;1;6;2; ;2; ; ;1;0;0;0;4;0;0;0;0;0; ;1;1;2;3;4;5;0;0;0;0;0;0;12;0; ;0;1;3; 
2022;20306;2;3;6;20306;ANCASH;ANTONIO RAYMONDI;CHACHAPOYAS;2;1;1;ANTONIO RAIMONDI; ; ; ; ;43; ; ; ;43;964696406; ;SANJUANDERONTOYMUNI@GMAIL.COM; ;WILMER IVAN;LEYVA;HIDALGO;2;1;2; ; ;2; ; ;2; ; ;2; ; ;2; ; ;2; ; ;1;1;0;2; ; ;2; ; ;2; ; ; ;1;2; ; ;2; ; ;2; ; ;2; ; ;2; ; ;1;1;0;2; ; ;2; ; ; ;1;2; ;2; ;1;2; ;2; ;2; ;2; ;2; ;1;5;1;1;2; ;2; ; ;1;1;6;4;1;2; ;2; ;2; ;1;4;2; ;2; ; ;1;0;0;0;4;0;6;7;0;0; ;1;0;0;0;0;0;0;0;0;0;0;0;0;0; ;14;1;3; 
2022;20401;2;4;1;20401;ANCASH;ASUNCION;CHACHAPOYAS;1;1;2;LIMA;S/N; ; ; ;43; ;968557964; ;43;931205826;WWW.FACEBOOK.COM/MUNIDEASUNCIONN;MESADEPARTES@GMAIL.COM; ;JESUS ALBERTO;ZARAGOZA;GUZMAN;2;1;2; ; ;1;5;5;2; ; ;1;2;0;1;1;1;2; ; ;1;0;1;2; ; ;2; ; ;2; ; ; ;1;2; ; ;1;1;1;2; ; ;2; ; ;1;0;1;1;0;1;2; ; ;2; ; ; ;1;2; ;1;1;1;2; ;1;1;1;7;2; ;2; ;1;6;1;6;2; ;1;8;INTEL ATOM;1;1;28;5;1;2; ;2; ;1;4;1;26;2; ;2; ; ;1;0;0;3;4;0;0;0;0;0; ;1;0;0;0;0;0;0;0;0;0;0;0;0;0; ;14;1;4;www.transparencia.gob.pe/enlaces/pte_transparencia_enlaces.aspx?id_entidad=11828#.yaptftdmliu
2022;20402;2;4;2;20402;ANCASH;ASUNCION;CHACHAPOYAS;2;1;6;PLAZA DE ARMAS;S/N; ; ; ;43; ; ; ;43;952799624;WWW.FACEBOOK.COM/MUNI.ACOCHACA.16;MESADEPARTESACOCHACA@GMAIL.COM; ;PASION ANTONIO;TAFUR;ROSARIO;2;1;1;1;0;1;2;0;2; ; ;1;0;1;2; ; ;2; ; ;2; ; ;2; ; ;2; ; ;2; ; ; ;1;2; ; ;1;0;1;2; ; ;2; ; ;2; ; ;2; ; ;2; ; ;2; ; ; ;1;2; ;2; ;1;2; ;2; ;2; ;2; ;1;2;1;6;1;8;2; ;2; ; ;1;1;16;3;1;1;2;1;1;1;7;1;9;1;1;2; ; ;1;0;0;0;4;0;0;0;0;0; ;1;0;0;0;0;0;0;0;0;0;0;0;12;0; ;0;1;3; 
2022;20501;2;5;1;20501;ANCASH;BOLOGNESI;CHACHAPOYAS;1;1;2;DOS DE MAYO;901; ; ; ;43;612792; ; ;43;917540324; ;MESADEPARTESBOLOGNESIMUNI@GMAIL.COM;WWW.MUNIBOLOGNESI.GOB.PE;GUDBERTO;CARRERA;PADILLA;2;1;1;1;0;1;1;0;2; ; ;1;1;1;2; ; ;2; ; ;1;1;0;2; ; ;2; ; ;2; ; ; ;1;1;1;0;2; ; ;1;0;1;1;1;0;1;1;0;2; ; ;1;1;0;2; ; ; ;1;1;4;2; ;1;1;6;1;2;1;1;2; ;1;3;1;7;1;4;2; ;2; ; ;1;1;23;3;1;1;2;2; ;1;12;1;6;1;1;2; ; ;1;0;0;3;4;5;0;0;0;0; ;1;1;2;3;4;5;6;7;0;9;10;11;12;0; ;0;1;1;www.transparencia.gob.pe/reportes_directos/pte_transparencia_proyectos.aspx?id_entidad=11829&id_tema=26&ver=.ytbe8vzmliu
2022;20502;2;5;2;20502;ANCASH;BOLOGNESI;CHACHAPOYAS;2;1;6;PLAZA DE ARMAS;S/N; ; ; ;43; ; ; ;43;947840673;WWW.FACEBOOK.COM/ABELARDOPARDOLEZAMETA;MUNI.ABELARDOPARDOLEZAMETA@GMAIL.COM; ;PEDRO RIVER;GOMERO;ALVARADO;2;1;2; ; ;2; ; ;2; ; ;1;1;0;2; ; ;2; ; ;2; ; ;1;1;0;2; ; ;1;1;0;TRIMOTO Y/O MOTOTAXY;1;2; ; ;2; ; ;2; ; ;1;1;0;2; ; ;1;1;0;2; ; ;1;1;0;TROMPO MEZCLADOR DE CONCRETO;1;2; ;2; ;1;2; ;2; ;2; ;1;1;1;6;2; ;2; ;2; ;2; ; ;1;1;6;1;1;1;1;2; ;1;2;1;1;1;1;2; ; ;1;0;0;3;4;0;0;0;0;9;SIGOF - Sistema Integrado para la gestion de operaciones de Focalizacion;1;0;0;0;0;0;0;0;0;0;0;0;0;13;SISTEMA PARA MESA DE PARTES VIRTUAL;0;1;3; 
2022;20503;2;5;3;20503;ANCASH;BOLOGNESI;CHACHAPOYAS;2;1;5;PATIVILCA - HUARAZ;S/N; ; ;80;43; ; ; ;43;998467934;WWW.FACEBOOK.COM/ANTONIO.RAYMONDIRAQUIA.1;MUNI-ANTONIORAYMONDI-RAQUIA@HOTMAIL.COM; ;ROLANDO;CUEVA;BAUTISTA;2;1;1;1;0;1;1;0;2; ; ;2; ; ;1;1;0;2; ; ;1;1;0;1;1;0;2; ; ;2; ; ; ;1;2; ; ;2; ; ;2; ; ;2; ; ;2; ; ;2; ; ;2; ; ;2; ; ; ;1;2; ;2; ;1;1;6;2; ;1;2;2; ;1;8;1;2;2; ;2; ;2; ; ;1;1;18;5;1;2; ;2; ;2; ;1;8;1;2;2; ; ;1;0;0;0;4;0;0;0;0;0; ;1;0;0;0;0;0;0;7;0;0;0;0;12;0; ;0;1;2; 
2022;20504;2;5;4;20504;ANCASH;BOLOGNESI;CHACHAPOYAS;2;1;2;SAN MARTIN;S/N; ; ; ;43; ; ; ;43;954402450;WWW.FACEBOOK.COM/MUNIAQUIA;MUNIAQUIA@MUNIAQUIA.GOB.PE; ;IVO DOMINOVICH;ACUÑA;TAPIA;2;1;2; ; ;2; ; ;2; ; ;1;0;1;2; ; ;2; ; ;2; ; ;2; ; ;2; ; ;2; ; ; ;1;2; ; ;2; ; ;2; ; ;2; ; ;2; ; ;2; ; ;2; ; ;2; ; ; ;1;2; ;2; ;1;2; ;2; ;2; ;2; ;1;1;1;6;1;8;2; ;2; ; ;1;1;15;1;1;2; ;2; ;1;3;1;4;1;2;2; ; ;1;0;0;0;4;0;0;0;0;0; ;1;0;2;0;0;5;6;0;0;0;0;0;0;0; ;0;1;1;www.transparencia.gob.pe/enlaces/pte_transparencia_enlaces.aspx?id_entidad=10308&id_tema=1&ver=d#.xvgpxetyauk
2022;20505;2;5;5;20505;ANCASH;BOLOGNESI;CHACHAPOYAS;2;1;1;ANDRES AVELINO CACERES;9;Q; ; ;43; ; ; ;43;946790860;WWW.FACEBOOK.COM/MUNIDISTRITAL.CAJACAY.3/;MESADEPARTESVIRTUAL.MUNICAJACAY@HOTMAIL.COM;WWW.MUNICAJACAY.GOB.PE;JUAN MANUEL;CASTILLO;LUNA;2;1;1;1;0;1;0;1;2; ; ;1;1;0;2; ; ;2; ; ;2; ; ;1;1;0;1;0;1;2; ; ; ;1;2; ; ;2; ; ;2; ; ;2; ; ;2; ; ;2; ; ;2; ; ;2; ; ; ;1;2; ;2; ;1;2; ;2; ;2; ;2; ;1;9;1;1;1;2;2; ;2; ; ;1;1;12;4;1;1;1;2; ;1;7;1;1;1;2;2; ; ;1;0;0;0;4;0;0;0;0;0; ;1;1;0;3;4;5;6;7;8;9;10;0;12;0; ;0;1;1;www.gob.pe/municajacay
2022;20506;2;5;6;20506;ANCASH;BOLOGNESI;CHACHAPOYAS;2;1;2;LOS OLIVOS; ; ; ; ;43; ; ; ;43;962967501;WWW.FACEBOOK.COM/MUNICANIS; ; ;ABEL;LEON;HUAMAN;2;1;1;0;1;2; ; ;2; ; ;1;0;1;1;0;1;2; ; ;2; ; ;2; ; ;2; ; ;2; ; ; ;1;2; ; ;2; ; ;2; ; ;2; ; ;2; ; ;1;1;0;2; ; ;2; ; ; ;1;2; ;2; ;1;2; ;2; ;2; ;2; ;1;2;2; ;2; ;2; ;2; ; ;1;1;2;4;1;2; ;2; ;1;1;1;1;2; ;2; ; ;1;0;0;0;4;0;0;0;0;0; ;1;0;0;0;0;0;0;0;0;0;0;0;0;0; ;14;1;3; 
2022;20507;2;5;7;20507;ANCASH;BOLOGNESI;CHACHAPOYAS;2;1;1;RICARDO PALMA;S/N; ; ; ;43; ; ; ;43;918125806;WWW.FACEBOOK.COM/MUNI.CHASQUI;MUNICOLQUIOC2019@GMAIL.COM;WWW.MUNICOLQUIOC.GOB.PE;GUILLERMO CARLOS;PARIASCA;DEXTRE;2;1;1;1;0;1;1;4;2; ; ;2; ; ;1;1;0;2; ; ;1;1;0;1;1;0;2; ; ;2; ; ; ;1;2; ; ;2; ; ;2; ; ;2; ; ;2; ; ;2; ; ;2; ; ;1;1;0;MINICARGADOR FRONTAL;1;2; ;2; ;1;2; ;2; ;1;1;2; ;2; ;1;13;2; ;2; ;2; ; ;1;1;11;3;1;1;1;2; ;2; ;1;11;1;4;2; ; ;1;0;0;0;4;0;0;0;0;0; ;1;1;0;0;0;5;0;7;0;9;0;0;12;0; ;0;1;2; 
2022;20508;2;5;8;20508;ANCASH;BOLOGNESI;CHACHAPOYAS;2;1;2;AREQUIPA;S/N; ; ; ;43; ; ; ;43;938455111;WWW.FACEBOOK.COM/HUALLANCA.BOLOGNESIANCASH.S;MESADEPARTESMUNIHUALLANCA@GMAIL.COM; ;WILMER SERAFIN;CORNELIO;ROJAS;2;1;1;2;0;1;1;0;1;1;0;1;1;0;1;1;0;2; ; ;2; ; ;2; ; ;2; ; ;2; ; ; ;1;1;1;0;1;1;0;1;1;0;1;1;0;1;1;0;1;1;1;2; ; ;2; ; ; ;1;2; ;2; ;1;2; ;2; ;2; ;2; ;2; ;1;40;1;3;2; ;2; ; ;1;1;40;5;1;1;4;2; ;1;20;1;15;1;1;2; ; ;1;0;0;3;4;0;0;0;8;0; ;1;0;0;0;0;0;0;0;0;0;0;0;0;0; ;14;1;4;www.gob.pe/munihuallanca
2022;20509;2;5;9;20509;ANCASH;BOLOGNESI;CHACHAPOYAS;2;1;2;BOLOGNESI;125; ; ; ;43; ; ; ;43;943116648;WWW.FACEBOOK.COM/MUNIHUASTA;HUASTA2019.2022@GMAIL.COM; ;EDINSON RUDNER;PEREZ;VALDEZ;2;1;1;1;0;2; ; ;2; ; ;1;0;1;1;1;0;2; ; ;2; ; ;2; ; ;2; ; ;2; ; ; ;1;2; ; ;2; ; ;2; ; ;2; ; ;1;0;1;1;0;1;2; ; ;2; ; ; ;1;2; ;2; ;1;2; ;2; ;1;9;2; ;2; ;1;1;2; ;2; ;2; ; ;1;1;10;1;1;1;1;1;1;2; ;1;6;1;1;2; ; ;1;0;0;0;4;0;0;0;0;0; ;1;0;0;0;0;0;0;0;0;0;0;0;0;0; ;14;1;3; 
2022;20510;2;5;10;20510;ANCASH;BOLOGNESI;CHACHAPOYAS;2;1;2;DOS DE MAYO;S/N; ; ; ;43; ;956917381;956920929;43;956692624;WWW.FACEBOOK.COM/MUNIHUAYLLACAYAN;MUNIHUAYLLACAYAN_1857_0201@HOTMAIL.COM; ;JULIO CESAR;GAMARRA;CENCEPCION;2;1;1;2;1;1;1;0;2; ; ;1;0;1;2; ; ;2; ; ;2; ; ;2; ; ;2; ; ;2; ; ; ;1;2; ; ;2; ; ;2; ; ;2; ; ;2; ; ;2; ; ;2; ; ;2; ; ; ;1;2; ;1;7;1;1;6;2; ;2; ;2; ;2; ;2; ;1;3;1;1;2; ; ;1;1;10;4;1;2; ;2; ;2; ;1;7;1;1;2; ; ;1;0;0;0;4;0;0;0;0;0; ;1;0;0;0;0;0;0;0;0;0;0;0;0;0; ;14;1;2; 
2022;20511;2;5;11;20511;ANCASH;BOLOGNESI;CHACHAPOYAS;2;1;6;PLAZA DE ARMAS;S/N; ; ; ;43; ;978403133; ;43;942110375; ;MUNICLAPRIMAVERA@GMAIL.COM; ;EUTIMIO;ALVA;PEREZ;2;1;2; ; ;2; ; ;2; ; ;2; ; ;2; ; ;2; ; ;2; ; ;2; ; ;2; ; ;2; ; ; ;1;2; ; ;2; ; ;2; ; ;2; ; ;2; ; ;2; ; ;2; ; ;2; ; ; ;1;2; ;2; ;1;2; ;2; ;2; ;2; ;2; ;1;3;1;1;2; ;2; ; ;1;1;3;2;1;2; ;2; ;1;1;1;2;2; ;2; ; ;1;0;0;0;4;0;6;7;0;0; ;1;0;0;0;4;5;0;0;0;0;0;0;12;0; ;0;1;2; 
2022;20512;2;5;12;20512;ANCASH;BOLOGNESI;CHACHAPOYAS;2;1;3;28 DE JULIO;S/N; ; ; ;43; ; ; ;43;945745050;WWW.FACEBOOK.COM/MUNIMANGAS;MUNIMANGAS@HOTMAIL.COM; ;JAIME ORLANDO;LLANOS;ESTRADA;2;1;1;1;0;2; ; ;2; ; ;2; ; ;1;1;0;2; ; ;2; ; ;2; ; ;2; ; ;2; ; ; ;1;2; ; ;2; ; ;2; ; ;2; ; ;2; ; ;2; ; ;2; ; ;2; ; ; ;1;2; ;2; ;1;2; ;2; ;2; ;1;6;2; ;1;1;2; ;2; ;2; ; ;1;1;7;4;1;2; ;2; ;2; ;1;5;2; ;2; ; ;1;0;0;0;4;0;0;0;0;0; ;1;0;0;0;0;0;0;0;0;0;0;0;0;0; ;14;1;3; 
2022;20513;2;5;13;20513;ANCASH;BOLOGNESI;CHACHAPOYAS;2;1;2;GRAU;S/N; ; ; ;43; ; ; ;43;978406677;WWW.FACEBOOK.COM/MUNIPACLLON;MESADEPARTESPACLLON@GMAIL.COM; ;ADHEMIR;CARRERA;PADILLA;2;1;1;1;0;2; ; ;2; ; ;2; ; ;2; ; ;2; ; ;1;1;0;2; ; ;2; ; ;2; ; ; ;1;2; ; ;1;1;0;2; ; ;2; ; ;2; ; ;1;1;0;2; ; ;2; ; ; ;1;2; ;2; ;1;2; ;1;6;2; ;2; ;1;1;2; ;1;1;2; ;2; ; ;1;1;8;5;1;2; ;1;3;1;2;1;5;1;1;2; ; ;1;0;0;0;4;0;0;0;0;0; ;1;1;2;3;4;5;0;0;0;0;0;0;12;0; ;0;1;2; 
2022;20514;2;5;14;20514;ANCASH;BOLOGNESI;CHACHAPOYAS;2;1;6;PLAZA DE ARMAS;S/N; ; ; ;43; ; ; ;43;955672120; ;MUNICIPALIDADACORPANQUI@GMAIL.COM; ;YOALDINO;ALVARADO;SILVA;2;1;1;1;0;1;2;0;2; ; ;2; ; ;2; ; ;2; ; ;2; ; ;2; ; ;2; ; ;2; ; ; ;1;2; ; ;2; ; ;2; ; ;1;0;1;2; ; ;1;1;0;2; ; ;2; ; ; ;1;2; ;2; ;1;2; ;2; ;1;3;2; ;1;2;1;1;2; ;2; ;2; ; ;1;1;6;4;1;1;1;2; ;1;1;1;3;1;1;2; ; ;1;0;0;0;4;0;0;0;0;0; ;1;0;0;0;0;0;0;0;0;0;0;0;0;0; ;14;1;3; 
2022;20515;2;5;15;20515;ANCASH;BOLOGNESI;CHACHAPOYAS;2;1;2;SUCRE;S/N; ; ; ;43; ; ; ;43;965965212; ;TRAMITEMUNITICLLOS@GMAIL.COM; ;JAIME ALEXANDER;ALEJOS;COPERTINO;2;1;1;1;0;1;0;1;2; ; ;1;2;0;2; ; ;2; ; ;2; ; ;2; ; ;2; ; ;2; ; ; ;1;2; ; ;1;1;0;2; ; ;2; ; ;2; ; ;2; ; ;2; ; ;2; ; ; ;1;2; ;2; ;1;2; ;2; ;2; ;2; ;1;3;2; ;2; ;1;3;2; ; ;1;1;6;2;1;1;1;2; ;1;1;1;8;1;1;2; ; ;1;0;0;3;4;0;0;0;0;0; ;1;0;0;0;0;0;0;0;0;0;0;0;0;0; ;14;1;2; 
2022;20601;2;6;1;20601;ANCASH;CARHUAZ;CHACHAPOYAS;1;1;1;LA MERCED;653; ; ; ;43;394249;948484728;944934173;43; ;WWW.FACEBOOK.COM/MUNICARHUAZ/;INFO@MUNICARHUAZ.GOB.PE;WWW.MUNICARHUAZ.GOB.PE;PABLO PEDRO;JULCA;CHAVEZ;2;1;1;2;1;1;13;4;2; ; ;1;1;3;1;2;0;1;1;0;2; ; ;1;1;0;2; ; ;2; ; ; ;1;2; ; ;2; ; ;1;1;0;1;1;0;1;1;0;2; ; ;1;1;0;2; ; ; ;1;1;1;1;2;1;2; ;2; ;2; ;1;30;1;8;1;80;1;17;2; ;2; ; ;1;1;135;5;1;1;3;1;5;1;36;1;7;1;2;2; ; ;1;0;0;3;4;0;0;0;0;0; ;1;1;0;0;0;0;6;7;8;0;0;0;0;0; ;0;1;1;www.transparencia.gob.pe/enlaces/pte_transparencia_enlaces.aspx?id_entidad=11171#.xbmgwjpkiuk
2022;20602;2;6;2;20602;ANCASH;CARHUAZ;CHACHAPOYAS;2;1;1;SANTA TERESA;S/N; ; ; ;43; ; ; ;43;942483677;WWW.FACEBOOK.COM/MUNIDISTRITALDEACOPAMPA;MUNIDISTRITALDEACOPAMPA@GMAIL.COM; ;LEONARDO MERCEDES;KAQUI;FLORES;2;1;1;1;0;1;0;4;2; ; ;1;1;0;2; ; ;2; ; ;1;1;0;2; ; ;2; ; ;2; ; ; ;1;2; ; ;2; ; ;2; ; ;2; ; ;2; ; ;2; ; ;2; ; ;2; ; ; ;1;2; ;2; ;1;2; ;2; ;1;6;2; ;2; ;2; ;1;6;2; ;2; ; ;1;1;12;5;1;1;1;1;1;1;4;1;5;1;1;2; ; ;1;0;0;0;4;5;6;7;0;0; ;1;1;2;3;4;5;6;7;8;9;10;0;12;0; ;0;1;4;www.gob.pe/municipalidaddeacopampa
2022;20603;2;6;3;20603;ANCASH;CARHUAZ;CHACHAPOYAS;2;1;3;NUEVA;S/N; ; ; ;43; ; ; ;43;943342594;WWW.FACEBOOK.COM/MUNIAMASHCACARHUAZ;MITIMAES-02@HOTMAIL.COM; ;LEONCIO JAIME;CADILLO;CHAPETON;2;1;2; ; ;2; ; ;2; ; ;1;1;0;2; ; ;2; ; ;2; ; ;2; ; ;2; ; ;2; ; ; ;1;2; ; ;2; ; ;2; ; ;2; ; ;2; ; ;2; ; ;2; ; ;2; ; ; ;1;2; ;2; ;1;2; ;2; ;2; ;2; ;1;8;1;1;2; ;2; ;2; ; ;1;1;7;5;1;1;1;2; ;1;4;1;4;1;1;2; ; ;1;0;0;0;4;0;0;0;0;0; ;1;1;0;3;4;5;0;0;0;9;0;0;12;0; ;0;1;2; 
2022;20604;2;6;4;20604;ANCASH;CARHUAZ;CHACHAPOYAS;2;1;6;PLAZA DE ARMAS;S/N; ; ; ;43; ; ; ;43;987092933; ;MUNIANTA2015@OUTLOOK.COM; ;JORGE GABRIEL;CUPITAN;TADEO;2;1;1;2;0;1;1;0;2; ; ;1;1;0;2; ; ;2; ; ;2; ; ;2; ; ;2; ; ;2; ; ; ;1;2; ; ;2; ; ;2; ; ;1;1;0;2; ; ;2; ; ;2; ; ;2; ; ; ;1;2; ;2; ;1;1;2;1;2;1;1;1;1;1;3;1;1;1;4;2; ;2; ; ;1;1;13;1;1;1;1;2; ;1;10;1;5;1;1;2; ; ;1;0;0;0;4;0;0;0;0;0; ;1;0;0;0;0;0;0;0;0;0;0;0;12;0; ;0;1;3; 
2022;20605;2;6;5;20605;ANCASH;CARHUAZ;CHACHAPOYAS;2;1;6;PLAZA DE ARMAS CARHUAC;S/N; ; ; ;43; ; ; ;43;967653839;WWW.FACEBOOK.COM/MUNICIPALIDAD-DISTRITAL-DE-ATAQUERO-2019-2022-OFICIAL-110640968082357;MESAVIRTUAL.ATAQUERO@GMAIL.COM; ;FERMIN JAIME;GUTIERREZ;MENDOZA;2;1;2; ; ;2; ; ;2; ; ;2; ; ;2; ; ;2; ; ;2; ; ;2; ; ;2; ; ;2; ; ; ;1;2; ; ;2; ; ;2; ; ;2; ; ;2; ; ;2; ; ;2; ; ;2; ; ; ;1;2; ;2; ;1;2; ;1;4;1;2;2; ;2; ;1;1;1;2;2; ;2; ; ;1;1;3;5;1;2; ;2; ;1;3;1;2;1;1;2; ; ;1;0;0;0;4;0;0;0;0;0; ;1;0;0;0;0;0;0;0;0;0;0;0;12;0; ;0;1;2; 
2022;20606;2;6;6;20606;ANCASH;CARHUAZ;CHACHAPOYAS;2;1;6;PLAZA DE ARMAS;S/N; ; ; ;43;458025; ; ;43;971197955; ;MUNICIPALIDAD_DISTRITAL_MARCARA1905@OUTLOOK.COM; ;CARLOS DAVID;SANCHEZ;MENDOZA;2;1;1;0;3;1;0;1;2; ; ;1;1;0;1;1;0;2; ; ;1;0;1;2; ; ;2; ; ;2; ; ; ;1;2; ; ;2; ; ;2; ; ;1;0;1;2; ; ;2; ; ;2; ; ;1;0;1;COMPACTADORA MANUAL PARA SUELO CON PLACA VIBRADORA;1;1;1;2; ;1;2; ;1;1;1;1;2; ;1;3;1;17;1;5;2; ;2; ; ;1;1;27;1;1;1;2;2; ;1;12;1;7;1;1;2; ; ;1;0;0;3;4;0;0;0;0;0; ;1;0;0;0;0;0;0;7;0;0;0;0;0;0; ;0;1;1;www.gob.pe/munimarcara
2022;20607;2;6;7;20607;ANCASH;CARHUAZ;CHACHAPOYAS;2;1;4;ANDRES AVELINO CACERES;100;12;1;5;43; ;943783964; ;43;951540524; ;AGUIRREMEN-25@HOTMAIL.COM; ;ZENOBIO GREGORIO;MENDEZ;AGUIRRE;2;1;1;3;0;2; ; ;2; ; ;2; ; ;2; ; ;2; ; ;2; ; ;2; ; ;2; ; ;2; ; ; ;1;2; ; ;2; ; ;2; ; ;1;1;0;2; ; ;2; ; ;1;2;0;1;1;0;COMPACTADORA MANUAL PARA SUELO CON PLACA VIBRADORA;1;2; ;1;2;1;1;3;1;6;1;1;2; ;1;1;2; ;1;2;2; ;2; ; ;1;1;13;1;1;1;1;1;1;1;3;1;6;1;1;2; ; ;1;0;0;0;4;0;0;0;0;0; ;1;0;0;0;0;0;0;0;0;0;0;0;12;0; ;0;1;4;www.gob.pe/munipariahuanca
2022;20608;2;6;8;20608;ANCASH;CARHUAZ;CHACHAPOYAS;2;1;6;PLAZA DE ARMAS;S/N; ; ; ;43; ; ; ;43;950408157; ;MESADEPARTESMUNISMA@GMAIL.COM; ;SILVINO MARCELINO;BALTAZAR;CAUSHI;2;1;1;2;0;2; ; ;2; ; ;1;1;1;2; ; ;2; ; ;2; ; ;2; ; ;2; ; ;2; ; ; ;1;2; ; ;2; ; ;2; ; ;2; ; ;2; ; ;1;1;0;2; ; ;2; ; ; ;1;2; ;2; ;1;1;6;1;3;2; ;2; ;1;3;1;1;1;1;2; ;2; ; ;1;1;12;1;1;1;2;1;1;1;1;1;6;1;2;2; ; ;1;0;0;0;4;0;0;0;0;0; ;1;0;2;0;4;0;0;7;0;0;0;0;12;0; ;0;1;3; 
2022;20609;2;6;9;20609;ANCASH;CARHUAZ;CHACHAPOYAS;2;1;6;PLAZA DE ARMAS;S/N; ; ; ;43; ; ; ;43;917528154;WWW.FACEBOOK.COM/MUNISHILLA2019/;MUNICIPIOSHILLA@GMAIL.COM; ;VIDAL ORLANDO;COLLPA;LEYVA;2;1;1;1;0;1;2;0;2; ; ;1;1;0;1;1;0;2; ; ;1;1;0;2; ; ;2; ; ;2; ; ; ;1;2; ; ;2; ; ;2; ; ;1;1;0;2; ; ;2; ; ;2; ; ;2; ; ; ;1;2; ;2; ;1;2; ;2; ;2; ;2; ;1;4;1;8;1;1;2; ;2; ; ;1;1;13;5;1;1;1;1;1;1;4;1;6;1;1;2; ; ;1;0;0;0;4;0;0;0;0;0; ;1;1;0;0;0;0;0;0;0;0;0;0;0;0; ;0;1;1;www.transparencia.gob.pe/enlaces/pte_transparencia_enlaces.aspx?id_entidad=11179#.y7grxtvbxpb
2022;20610;2;6;10;20610;ANCASH;CARHUAZ;CHACHAPOYAS;2;1;6;PLAZA DE ARMAS;115; ; ; ;43; ;989906489;931806386;43;918533954;WWW.FACEBOOK.COM/MUNICIPALIDADDISTRITALTINCO;MUNICIPALIDADDISTRITALTINCO@GMAIL.COM; ;RUSBANY AGRIPINO;COCHACHIN;MINAYA;2;1;2; ; ;1;1;0;2; ; ;2; ; ;1;1;0;2; ; ;2; ; ;2; ; ;2; ; ;2; ; ; ;1;2; ; ;2; ; ;2; ; ;2; ; ;2; ; ;2; ; ;2; ; ;2; ; ; ;1;2; ;1;2;1;2; ;2; ;2; ;2; ;1;9;1;1;2; ;2; ;2; ; ;1;1;10;5;1;2; ;2; ;1;1;1;5;2; ;2; ; ;1;0;0;0;4;0;0;0;0;0; ;1;1;2;3;4;5;0;7;0;0;0;0;12;0; ;0;1;3; 
2022;20611;2;6;11;20611;ANCASH;CARHUAZ;CHACHAPOYAS;2;1;6;PLAZA DE ARMAS;S/N; ; ; ;43; ;990030873; ;43;979409547;WWW.FACEBOOK.COM/MUNIDEYUNGAR;MUNIDEYUNGAR@GMAIL.COM; ;HITLER GUESCLIN;ALBA;SANCHEZ;2;1;1;1;0;2; ; ;2; ; ;1;0;1;2; ; ;2; ; ;2; ; ;2; ; ;2; ; ;2; ; ; ;1;2; ; ;2; ; ;2; ; ;2; ; ;2; ; ;2; ; ;2; ; ;2; ; ; ;1;2; ;1;1;1;1;2;1;2;1;3;2; ;1;5;2; ;2; ;2; ;2; ; ;1;1;11;3;1;1;4;1;4;1;7;2; ;1;2;2; ; ;1;0;0;0;4;0;0;0;0;0; ;1;0;0;3;0;0;0;7;0;0;0;0;12;0; ;0;1;2; 
2022;20701;2;7;1;20701;ANCASH;CARLOS FERMIN FITZCARRALD;CHACHAPOYAS;1;1;2;FITZCARRALD;504; ; ; ;43; ; ; ;43;939049522;WWW.FACEBOOK.COM/MUNICFF;MESADEPARTESVIRTUAL@MUNIFITZCARRALD.GOB.PE; ;BORIS;TARAZONA;MAYO;2;1;1;3;2;1;1;3;2; ; ;1;2;1;1;1;1;2; ; ;2; ; ;1;0;1;2; ; ;2; ; ; ;1;2; ; ;1;1;0;2; ; ;1;0;1;1;1;0;1;1;0;2; ; ;2; ; ; ;1;2; ;2; ;1;1;1;1;2;2; ;2; ;1;16;1;13;1;24;1;2;2; ; ;1;1;52;4;1;1;5;2; ;1;32;1;15;1;1;2; ; ;1;0;0;3;4;0;0;0;0;0; ;1;0;2;3;4;5;6;7;0;0;0;0;12;0; ;0;1;1;www.munifitzcarrald.gob.pe/transparencia
2022;20702;2;7;2;20702;ANCASH;CARLOS FERMIN FITZCARRALD;CHACHAPOYAS;2;1;1;LIZARDO BARRON;S/N; ; ; ;43; ; ; ;43;942080184;WWW.FACEBOOK.COM/MUNICIPALIDADSANNICOLASOFICIAL/;SANNICOLASMUNI2019@GMAIL.COM; ;MOISES SIMION;ESPINOZA;MELGAREJO;2;1;1;0;1;2; ; ;2; ; ;1;1;0;2; ; ;2; ; ;2; ; ;2; ; ;2; ; ;1;1;0;COMPRESORA DE AIRE;1;2; ; ;2; ; ;2; ; ;2; ; ;1;1;0;2; ; ;2; ; ;2; ; ; ;1;2; ;2; ;1;2; ;2; ;2; ;2; ;1;3;1;12;2; ;2; ;2; ; ;1;1;13;1;1;1;1;2; ;2; ;1;14;1;1;2; ; ;1;0;0;0;4;0;0;0;0;0; ;1;1;2;3;4;5;0;0;0;9;10;0;12;0; ;0;1;3; 
2022;20703;2;7;3;20703;ANCASH;CARLOS FERMIN FITZCARRALD;CHACHAPOYAS;2;1;2;SAN MARTIN;110; ; ; ;43; ; ; ;43;940390561; ;ALCALDIAMDY@GMAIL.COM; ;JESUS MATEO;GOMERO;CAMONES;2;1;1;1;0;1;1;0;2; ; ;1;1;0;2; ; ;2; ; ;2; ; ;1;1;0;2; ; ;2; ; ; ;1;2; ; ;1;1;0;2; ; ;2; ; ;2; ; ;1;1;0;2; ; ;2; ; ; ;1;2; ;2; ;1;1;10;2; ;2; ;2; ;1;2;1;10;2; ;2; ;2; ; ;1;1;22;5;1;2; ;2; ;2; ;1;22;1;5;2; ; ;1;0;0;0;4;0;0;0;0;0; ;1;1;2;3;4;5;6;0;0;0;0;11;12;0; ;0;1;3; 
2022;20801;2;8;1;20801;ANCASH;CASMA;CHACHAPOYAS;1;1;6;PLAZA DE ARMAS;S/N; ; ; ;43;412063; ; ;43;411817; ;MUNICASMA@HOTMAIL.COM;WWW.MUNICASMA.GOB.PE;LUIS WILMER;ALARCON;LLANA;2;1;1;10;1;1;14;3;1;2;0;2; ; ;1;2;2;1;2;0;2; ; ;1;0;1;2; ; ;1;3;0;TRIMOTO Y/O MOTOTAXY;1;2; ; ;2; ; ;1;1;0;1;1;0;2; ; ;2; ; ;2; ; ;2; ; ; ;1;1;3;2; ;1;2; ;1;1;1;15;2; ;1;31;1;76;1;19;1;3;2; ; ;1;1;140;5;1;2; ;2; ;1;22;1;43;1;1;2; ; ;1;0;0;3;4;0;0;0;0;0; ;1;1;0;0;0;0;0;7;0;0;0;0;0;0; ;0;1;1;www.transparencia.gob.pe/personal/pte_transparencia_declaraciones.aspx?id_entidad=11185&id_tema=1&tipo=2&ver=.yklruhpkjiu
2022;20802;2;8;2;20802;ANCASH;CASMA;CHACHAPOYAS;2;1;3;BOLOGNESI;S/N; ; ; ;43; ; ; ;43;300000;WWW.FACEBOOK.COM/WWW.BUENAVISTAALTA.COM.PE;MDBUENAVISTA020802@GMAIL.COM;WWW.GOB.PE/MUNIBUENAVISTAALTA;HUGO ARTURO;PAJITO;MENDOZA;2;1;1;1;0;1;22;0;2; ; ;2; ; ;1;1;0;2; ; ;2; ; ;2; ; ;2; ; ;2; ; ; ;1;2; ; ;2; ; ;2; ; ;2; ; ;2; ; ;2; ; ;2; ; ;2; ; ; ;1;2; ;2; ;1;2; ;2; ;1;1;2; ;1;5;1;7;1;5;2; ;2; ; ;1;1;18;1;1;1;3;2; ;2; ;1;7;1;1;2; ; ;1;0;0;0;4;5;0;0;0;0; ;1;0;0;3;0;5;0;7;0;0;0;0;12;0; ;0;1;1;www.transparencia.gob.pe/enlaces/pte_transparencia_enlaces.aspx?id_entidad=11186#.xbh5pzpkiuk
2022;20803;2;8;3;20803;ANCASH;CASMA;CHACHAPOYAS;2;1;2;SAN MARTIN;S/N; ; ; ;43;412018;943673272;923150295;43;996978537; ; ; ;EMILIO ALEJANDRO;REYES;CORONACION;2;1;1;1;1;1;6;0;2; ; ;2; ; ;2; ; ;2; ; ;1;1;0;2; ; ;1;4;0;2; ; ; ;1;2; ; ;2; ; ;2; ; ;2; ; ;2; ; ;2; ; ;2; ; ;2; ; ; ;1;1;1;1;2;1;2; ;2; ;2; ;2; ;2; ;1;12;1;3;2; ;2; ; ;1;1;15;1;1;1;1;1;2;1;2;1;6;1;1;2; ; ;1;0;0;0;4;0;6;0;0;0; ;1;1;0;0;0;0;0;0;0;0;0;0;0;0; ;0;1;3; 
2022;20804;2;8;4;20804;ANCASH;CASMA;CHACHAPOYAS;2;1;2;PIURA;S/N; ; ; ;43; ; ; ;43;300000;WWW.FACEBOOK.COM/MUNIYAUTAN2020;MUNIDEYAUTAN@GMAIL.COM; ;NICOLAS MULLER;GARCIA;BOBADILLA;2;1;1;2;0;1;4;2;2; ; ;1;1;0;2; ; ;2; ; ;2; ; ;1;1;1;2; ; ;2; ; ; ;1;2; ; ;2; ; ;2; ; ;1;1;0;2; ; ;2; ; ;2; ; ;2; ; ; ;1;2; ;2; ;1;2; ;2; ;1;2;2; ;1;16;1;10;1;8;1;1;2; ; ;1;2; ; ;1;2; ;2; ;1;10;1;13;1;2;1;1;PLOTTER;1;0;0;3;4;0;6;0;8;0; ;1;0;0;0;0;0;0;7;0;0;0;0;12;0; ;0;1;4;www.transparencia.gob.pe/enlaces/pte_transparencia_enlaces.aspx?id_entidad=11834&id_tema=1&ver=d
2022;20901;2;9;1;20901;ANCASH;CORONGO;CHACHAPOYAS;1;1;2;GRAU;206; ; ; ;43; ; ; ;43;971631381;WWW.FACEBOOK.COM/MUNICORONGO/;INFO@MUNICORONGO.GOB.PE;WWW.MUNICORONGO.GOB.PE;ASCARIO WILMAN;PONCE;VELASQUEZ;2;1;1;0;2;1;1;0;2; ; ;1;4;1;2; ; ;1;1;0;2; ; ;2; ; ;2; ; ;1;1;0;MOTOBOMBA DE AGUA;1;2; ; ;1;1;0;2; ; ;1;0;1;2; ; ;1;0;1;2; ; ;2; ; ; ;1;2; ;2; ;1;2; ;2; ;2; ;2; ;1;2;1;2;1;1;2; ;2; ; ;1;1;5;3;1;2; ;2; ;1;3;1;3;1;1;2; ; ;1;0;0;0;4;5;0;0;8;0; ;1;0;2;3;0;5;0;0;0;0;0;0;0;0; ;0;1;1;www.transparencia.gob.pe/enlaces/pte_transparencia_enlaces.aspx?id_entidad=11189#.xcba7dnkiuk
2022;20902;2;9;2;20902;ANCASH;CORONGO;CHACHAPOYAS;2;1;6;PLAZA DE ARMAS;S/N; ; ; ;43; ; ; ;43;958864149;WWW.FACEBOOK.COM/MUNIDISTRITALDEACO;MUNI.DI.ACO2020@GMAIL.COM; ;ELADIO PEDRO;PINEDO;CARRILLO;2;1;1;1;0;2; ; ;2; ; ;2; ; ;2; ; ;2; ; ;2; ; ;2; ; ;2; ; ;2; ; ; ;1;2; ; ;2; ; ;2; ; ;2; ; ;2; ; ;2; ; ;2; ; ;2; ; ; ;1;2; ;2; ;1;1;3;2; ;2; ;2; ;2; ;2; ;2; ;2; ;2; ; ;1;1;3;1;1;2; ;2; ;2; ;1;2;2; ;2; ; ;1;0;0;0;4;0;0;0;0;0; ;1;1;2;3;4;5;6;0;0;9;0;0;12;0; ;0;1;2; 
2022;20903;2;9;3;20903;ANCASH;CORONGO;CHACHAPOYAS;2;1;6;PLAZA DE ARMAS; ; ; ; ;43; ; ; ;43;992531417; ;MUNI_BAMBAS@HOTMAIL.COM; ;ELIANA MARGOT;SOTO;PAZ;1;1;2; ; ;2; ; ;2; ; ;2; ; ;2; ; ;2; ; ;2; ; ;2; ; ;2; ; ;1;1;0;COMBI (HASTA 15 ASIENTOS);1;2; ; ;2; ; ;2; ; ;2; ; ;2; ; ;2; ; ;2; ; ;2; ; ; ;1;2; ;2; ;1;2; ;2; ;2; ;2; ;1;3;1;2;1;1;2; ;2; ; ;1;2; ; ;1;1;1;2; ;2; ;1;7;1;1;2; ; ;1;0;0;0;4;0;0;0;0;0; ;1;1;2;3;4;5;6;7;0;9;10;0;12;0; ;0;1;2; 
2022;20904;2;9;4;20904;ANCASH;CORONGO;CHACHAPOYAS;2;1;2;ALBERTO BOTIQUIN;S/N;2;4;10;43; ; ; ;43;951423960;WWW.FACEBOOK.COM/DISTRITODE.CUSCA.5;MESADEPARTESVIRTUAL.MDCUSCA@GMAIL.COM; ;JAMINTON;IPARRAGUIRRE;RAMIREZ;2;1;2; ; ;2; ; ;2; ; ;2; ; ;2; ; ;2; ; ;1;1;0;2; ; ;2; ; ;2; ; ; ;1;2; ; ;2; ; ;2; ; ;2; ; ;2; ; ;2; ; ;2; ; ;2; ; ; ;1;2; ;2; ;1;2; ;2; ;2; ;2; ;1;2;1;2;2; ;2; ;2; ; ;1;1;4;1;1;1;1;2; ;2; ;1;4;2; ;2; ; ;1;0;0;0;4;0;0;0;0;0; ;1;0;0;0;0;0;0;0;0;9;0;0;0;0; ;0;1;2; 
2022;20905;2;9;5;20905;ANCASH;CORONGO;CHACHAPOYAS;2;1;1;ALFONSO RIVAS PLATA;220; ; ; ;43; ;978253930;961315143;43;945418923; ;MUNICIPALIDADDISTRITALLAPAMPA@GMAIL.COM; ;EDVER ROMAN;PAREDES;MILLA;2;1;1;1;0;1;1;0;2; ; ;2; ; ;2; ; ;2; ; ;1;1;0;1;1;0;2; ; ;1;1;0;TRIMOTO Y/O MOTOTAXY;1;2; ; ;2; ; ;2; ; ;2; ; ;1;1;0;2; ; ;2; ; ;2; ; ; ;1;2; ;1;1;1;2; ;2; ;2; ;2; ;1;5;1;2;1;1;2; ;2; ; ;1;1;8;4;1;1;2;2; ;1;7;1;1;1;1;1;2;LECTOR BIOMETRICO;1;0;0;0;4;0;0;0;8;0; ;1;0;0;0;0;0;0;0;0;0;0;0;0;0; ;14;1;3; 
2022;20906;2;9;6;20906;ANCASH;CORONGO;CHACHAPOYAS;2;1;6;PLAZA DE ARMAS; ; ; ; ;43; ; ; ;43;925608972; ; ; ;MANUEL PEDRO;MATEO;BARRIONUEVO;2;1;2; ; ;2; ; ;2; ; ;2; ; ;2; ; ;2; ; ;1;0;1;2; ; ;2; ; ;2; ; ; ;1;2; ; ;2; ; ;2; ; ;2; ; ;2; ; ;2; ; ;2; ; ;2; ; ; ;1;2; ;2; ;1;1;3;2; ;2; ;2; ;2; ;2; ;2; ;2; ;2; ; ;1;1;3;4;1;1;1;1;1;2; ;1;5;1;1;2; ; ;1;0;0;0;4;0;0;0;0;0; ;1;0;0;0;0;0;0;0;0;0;0;0;0;0; ;14;1;3; 
2022;20907;2;9;7;20907;ANCASH;CORONGO;CHACHAPOYAS;2;1;2;SAN PABLO;S/N;B;30; ;43; ; ; ;43;948351883;WWW.FACEBOOK.COM/MUNI.YUPAN/;MUNI_YUPAN1923@HOTMAIL.COM;WWW.GOB.PE/MUNIYUPAN;MANUEL IGNACIO;TURRIATE;ALMENDRAS;2;1;2; ; ;2; ; ;2; ; ;2; ; ;2; ; ;2; ; ;1;1;0;2; ; ;2; ; ;2; ; ; ;1;2; ; ;2; ; ;2; ; ;2; ; ;2; ; ;2; ; ;2; ; ;2; ; ; ;1;2; ;2; ;1;2; ;2; ;2; ;2; ;1;6;2; ;2; ;2; ;2; ; ;1;1;6;4;1;2; ;2; ;2; ;1;3;1;1;2; ; ;1;0;0;0;4;0;0;0;0;0; ;1;0;0;0;0;0;0;0;0;0;0;0;0;0; ;14;1;3; 
2022;21001;2;10;1;21001;ANCASH;HUARI;CHACHAPOYAS;1;1;2;RAMON CASTILLA;470; ; ; ;43;380365; ; ;43; ; ;MESADEPARTES@MUNIHUARI.GOB.PE; ;LUIS ALBERTO;SANCHEZ;URBISAGASTEGUI;2;1;1;8;2;1;14;3;2; ; ;1;3;1;1;1;2;1;1;0;2; ; ;2; ; ;2; ; ;2; ; ; ;1;1;1;0;1;1;0;1;1;0;1;1;0;1;1;1;2; ; ;1;1;0;2; ; ; ;1;1;1;2; ;1;2; ;2; ;2; ;2; ;1;12;1;69;1;58;2; ;2; ; ;1;1;139;5;1;1;8;2; ;1;53;1;10;1;2;2; ; ;1;0;2;3;4;5;0;0;8;0; ;1;1;0;0;0;0;0;0;8;0;0;0;0;0; ;0;1;1;www.munihuari.gob.pe/transparencia/
2022;21002;2;10;2;21002;ANCASH;HUARI;CHACHAPOYAS;2;1;6;PLAZA DE ARMAS;S/N; ; ; ;43; ; ; ;43;982406489; ; ; ;DEONICIO;DE LA CRUZ;CARRION;2;1;1;0;1;1;2;0;2; ; ;1;1;0;1;1;0;2; ; ;2; ; ;2; ; ;2; ; ;2; ; ; ;1;2; ; ;2; ; ;2; ; ;1;1;0;2; ; ;2; ; ;2; ; ;2; ; ; ;1;2; ;2; ;1;1;8;2; ;2; ;2; ;1;3;2; ;1;2;2; ;1;6;INTEL ATOM;1;1;19;1;1;1;1;2; ;1;3;1;13;1;1;2; ; ;1;0;0;0;4;0;0;0;0;0; ;1;0;0;0;0;0;0;0;0;0;0;0;0;0; ;14;1;3; 
2022;21003;2;10;3;21003;ANCASH;HUARI;CHACHAPOYAS;2;1;1;PEDRO AGUIRRE;S/N; ; ; ;43; ; ; ;43;945117273;WWW.FACEBOOK.COM/MUNICIPALIDADDISTRITALCAJAY/; ; ;MARCOTULIO;MENDOZA;CADILLO;2;1;1;2;2;1;6;6;2; ; ;1;2;0;2; ; ;2; ; ;2; ; ;2; ; ;2; ; ;1;1;0;COMPRESORA DE AIRE;1;2; ; ;1;1;0;2; ; ;1;1;0;1;1;0;2; ; ;2; ; ;2; ; ; ;1;2; ;2; ;1;2; ;2; ;2; ;2; ;1;2;1;9;1;7;2; ;2; ; ;1;1;18;1;1;1;3;1;1;1;7;1;8;1;2;2; ; ;1;0;0;0;4;0;0;0;0;0; ;1;0;0;0;0;0;0;0;0;0;0;0;0;0; ;14;1;2; 
2022;21004;2;10;4;21004;ANCASH;HUARI;CHACHAPOYAS;2;1;6;PLAZA DE ARMAS;120; ; ; ;43; ;957575352; ;43;454099;WWW.FACEBOOK.COM/MUNICHAVINDEHUANTAR;MESADEPARTES@MUNICHAVINDEHUANTAR.GOB.PE;WWW.MUNICHAVINDEHUANTAR.GOB.PE;YON DIOSER;RAMIREZ;ALBORNOZ;2;1;1;2;4;1;1;8;2; ; ;1;1;3;1;1;0;2; ; ;1;0;1;1;0;1;2; ; ;2; ; ; ;1;2; ; ;1;0;1;1;1;0;1;1;0;1;1;0;2; ; ;1;1;0;2; ; ; ;1;2; ;1;1;1;1;5;2; ;1;16;2; ;1;4;1;12;1;18;2; ;2; ; ;1;1;55;5;1;1;9;2; ;1;14;1;15;1;2;2; ; ;1;0;0;3;4;0;0;0;0;0; ;1;0;0;0;0;0;0;7;0;0;0;0;12;0; ;0;1;1;www.transparencia.gob.pe/enlaces/pte_transparencia_enlaces.aspx?id_entidad=11199
2022;21005;2;10;5;21005;ANCASH;HUARI;CHACHAPOYAS;2;1;2;HUAYNA CAPAC;S/N; ; ; ;43; ; ; ;43;918474350; ;MDHUACACHI@GMAIL.COM; ;DIONICIO ALEJANDRO;PAUCAR;ALARCON;2;1;1;1;0;2; ; ;2; ; ;1;2;0;2; ; ;2; ; ;2; ; ;2; ; ;2; ; ;2; ; ; ;1;2; ; ;1;1;0;1;1;0;1;1;0;1;1;0;1;1;0;1;1;0;2; ; ; ;1;2; ;2; ;1;2; ;2; ;2; ;2; ;1;8;1;7;2; ;2; ;2; ; ;1;2; ; ;1;1;1;1;1;1;1;1;1;1;1;2; ; ;1;0;0;0;4;0;6;0;0;0; ;1;1;2;3;4;5;6;0;0;0;0;0;12;0; ;0;1;2; 
2022;21006;2;10;6;21006;ANCASH;HUARI;CHACHAPOYAS;2;1;3;SANTA ROSA;S/N; ; ; ;43; ; ; ;43;939290276;WWW.FACEBOOK.COM/MUNIHUACCHISOFICIAL;MUNIHUACCHIS2019@GMAIL.COM; ;ELIEL FIDEL;GARRIDO;TELLO;2;1;1;2;0;1;3;0;2; ; ;1;1;0;2; ; ;2; ; ;1;1;0;1;0;1;2; ; ;2; ; ; ;1;1;1;0;2; ; ;1;0;1;2; ; ;1;1;0;2; ; ;1;0;1;2; ; ; ;1;2; ;2; ;1;2; ;2; ;2; ;2; ;2; ;1;15;2; ;2; ;2; ; ;1;1;15;4;1;1;2;1;1;2; ;1;15;1;1;2; ; ;1;0;0;0;4;0;0;0;0;0; ;1;0;0;0;0;0;0;0;0;0;0;0;0;0; ;14;1;3; 
2022;21007;2;10;7;21007;ANCASH;HUARI;CHACHAPOYAS;2;1;2;CONDORCANQUI;S/N; ; ; ;43; ; ; ;43;992381664;WWW.FACEBOOK.COM/MUNICIPALIDAD-DE-HUACHIS-OFICIAL-244117609640942;MUNICIPALIDADDEHUACHIS1922@GMAIL.COM; ;EPIMACO;AGUIRRE;PARDO;2;1;1;2;2;1;6;10;2; ; ;1;3;0;1;0;1;1;1;0;2; ; ;2; ; ;2; ; ;2; ; ; ;1;2; ; ;1;1;0;1;1;0;1;0;1;1;1;0;2; ; ;1;1;0;2; ; ; ;1;2; ;2; ;1;2; ;2; ;2; ;2; ;1;5;1;10;1;5;1;2;2; ; ;1;1;22;1;1;2; ;2; ;2; ;1;8;1;2;2; ; ;1;0;0;3;4;0;0;0;0;0; ;1;0;0;0;0;0;0;0;0;0;0;0;0;0; ;14;1;1;www.transparencia.gob.pe/enlaces/pte_transparencia_enlaces.aspx?id_entidad=11202&id_tema=1&ver=d.ynynsuhkjiv
2022;21008;2;10;8;21008;ANCASH;HUARI;CHACHAPOYAS;2;1;2;SAN MARTIN - PLAZA DE ARMAS;S/N; ; ; ;43; ; ; ;43;948432071; ;MDHUANTAR@GMAIL.COM; ;LENIN HERWIN;GOMEZ;CRISTOBAL;2;1;1;1;0;1;4;0;2; ; ;2; ; ;2; ; ;2; ; ;2; ; ;2; ; ;2; ; ;2; ; ; ;1;2; ; ;2; ; ;2; ; ;2; ; ;1;1;0;2; ; ;2; ; ;2; ; ; ;1;2; ;2; ;1;2; ;2; ;2; ;2; ;1;4;1;16;1;14;2; ;2; ; ;1;1;34;1;1;1;3;1;8;1;7;1;4;1;2;2; ; ;1;0;0;3;4;0;0;0;0;0; ;1;0;0;0;0;0;0;0;0;9;0;0;12;0; ;0;1;3; 
2022;21009;2;10;9;21009;ANCASH;HUARI;CHACHAPOYAS;2;1;1;PRIMAVERA;660; ; ; ;43; ; ; ;43;931078664;WWW.FACEBOOK.COM/MUNIMASIN/;MUNIMASIN22@GMAIL.COM; ;PABLO;MALVACEDA;ORTEGA;2;1;1;2;0;1;2;0;2; ; ;1;1;0;1;1;0;2; ; ;2; ; ;2; ; ;2; ; ;2; ; ; ;1;1;1;0;2; ; ;2; ; ;2; ; ;2; ; ;2; ; ;2; ; ;2; ; ; ;1;2; ;2; ;1;2; ;2; ;2; ;2; ;1;20;2; ;2; ;2; ;2; ; ;1;1;20;4;1;2; ;2; ;1;4;1;6;2; ;2; ; ;1;0;0;0;4;0;0;0;0;0; ;1;0;0;0;0;5;0;0;0;0;0;0;0;0; ;0;1;2; 
2022;21010;2;10;10;21010;ANCASH;HUARI;CHACHAPOYAS;2;1;6;PLAZA DE ARMAS;S/N;1;8; ;43; ; ; ;43;925984057; ;MUNI.PAUCAS.1206@GMAIL.COM; ;SHUMAHER YUSSUI;BAYONA;GAMBINI;2;1;1;1;0;1;2;1;2; ; ;1;1;0;2; ; ;2; ; ;1;1;0;2; ; ;2; ; ;2; ; ; ;1;2; ; ;2; ; ;2; ; ;1;1;0;2; ; ;2; ; ;2; ; ;2; ; ; ;1;2; ;2; ;1;1;5;2; ;1;3;2; ;1;3;2; ;1;1;2; ;2; ; ;1;1;12;2;1;1;1;2; ;1;8;1;9;1;1;2; ; ;1;0;0;0;4;0;0;0;0;0; ;1;0;0;0;0;0;0;0;0;0;0;0;0;0; ;14;1;2; 
2022;21011;2;10;11;21011;ANCASH;HUARI;CHACHAPOYAS;2;1;2;SIMON BOLIVAR;1111;111;11; ;43;830665;977718927;944963067;43;958997092; ; ; ;MIGUEL ANGEL;JARA;MOGOLLON;2;1;1;2;0;2; ; ;2; ; ;1;3;0;2; ; ;2; ; ;2; ; ;2; ; ;2; ; ;2; ; ; ;1;2; ; ;1;1;0;2; ; ;1;1;0;1;1;0;2; ; ;2; ; ;2; ; ; ;1;1;1;1;2;1;2; ;1;7;2; ;2; ;1;3;1;4;1;5;2; ;2; ; ;1;1;15;5;1;1;2;2; ;1;10;1;3;1;1;2; ; ;1;0;0;3;4;0;0;0;0;0; ;1;0;0;0;0;0;0;0;0;0;0;0;0;0; ;14;1;2; 
2022;21012;2;10;12;21012;ANCASH;HUARI;CHACHAPOYAS;2;1;1;RAMON CASTILLA;S/N; ; ; ;43; ; ; ;43;929026939; ;MUNICIPALIDAD.RAHUAPAMPA@GMAIL.COM; ;MARINO FERNANDO;VILLAVICENCIOS;MELGAREJO;2;1;1;1;0;1;2;0;2; ; ;1;1;0;1;1;0;2; ; ;2; ; ;2; ; ;2; ; ;2; ; ; ;1;2; ; ;2; ; ;2; ; ;2; ; ;2; ; ;2; ; ;2; ; ;2; ; ; ;1;2; ;2; ;1;2; ;2; ;2; ;2; ;2; ;1;7;2; ;2; ;2; ; ;1;1;7;5;1;1;1;1;1;1;10;1;3;1;1;2; ; ;1;0;0;3;4;0;0;0;0;0; ;1;1;0;0;0;5;0;0;0;9;10;0;12;0; ;0;1;3; 
2022;21013;2;10;13;21013;ANCASH;HUARI;CHACHAPOYAS;2;1;2;ANCASH;S/N; ; ; ;43; ; ; ;43;943175216; ;MDRAPAYAN@GMAIL.COM; ;ROBER PEPE;MIRANDA;CALDERON;2;1;2; ; ;2; ; ;1;1;0;1;2;0;2; ; ;2; ; ;1;1;0;1;1;0;2; ; ;2; ; ; ;1;2; ; ;2; ; ;2; ; ;1;1;0;1;1;0;2; ; ;2; ; ;2; ; ; ;1;2; ;2; ;1;1;3;2; ;2; ;2; ;1;1;1;7;2; ;2; ;2; ; ;1;1;11;4;1;2; ;2; ;2; ;1;8;1;1;2; ; ;1;0;0;0;4;0;0;0;0;0; ;1;0;2;3;4;5;0;0;0;0;0;0;12;0; ;0;1;2; 
2022;21014;2;10;14;21014;ANCASH;HUARI;CHACHAPOYAS;2;1;2;PROGRESO;332; ; ; ;43; ; ; ;43;973566910;WWW.FACEBOOK.COM/MUNICIPALIDADDISTRITALDDESANMARCOS;MUNIDESANMARCOS@MUNIDESANMARCOS.GOB.PE; ;CHRISTIAN JOHN;PALACIOS;LAGUNA;2;1;1;10;0;1;12;37;2; ; ;1;1;0;1;1;0;2; ; ;2; ; ;1;1;0;2; ; ;2; ; ; ;1;2; ; ;1;1;0;1;0;1;1;1;0;1;1;0;2; ; ;2; ; ;2; ; ; ;1;2; ;2; ;1;1;2;1;15;1;25;1;10;1;5;1;20;1;40;1;2;2; ; ;1;1;119;4;1;1;6;1;11;1;40;1;15;1;2;2; ; ;1;0;0;3;4;0;0;7;0;0; ;1;1;2;0;0;0;0;0;0;0;0;0;0;0; ;0;1;3; 
2022;21015;2;10;15;21015;ANCASH;HUARI;CHACHAPOYAS;2;1;6;PLAZA DE ARMAS;S/N; ; ; ;43; ; ; ;43;994989462; ;MESADEPARTESMUNICHANA@GMAIL.COM; ;RAUL ROBBERT;TUCTO;ESPINOZA;2;1;1;1;2;1;5;0;2; ; ;1;2;0;1;1;0;2; ; ;2; ; ;1;1;1;2; ; ;2; ; ; ;1;2; ; ;2; ; ;2; ; ;1;0;1;1;1;0;2; ; ;2; ; ;2; ; ; ;1;2; ;2; ;1;2; ;2; ;2; ;2; ;2; ;1;16;1;2;2; ;2; ; ;1;1;6;1;1;1;1;2; ;1;3;1;10;1;1;2; ; ;1;0;0;3;4;0;0;0;0;0; ;1;1;0;0;0;0;0;0;0;0;0;0;0;0; ;0;1;2; 
2022;21016;2;10;16;21016;ANCASH;HUARI;CHACHAPOYAS;2;1;2;NICOLAS DE PIEROLA;S/N; ; ; ;43; ; ; ;43;939330012; ;HPRINCIPEGUARDIA@HOTMAIL.COM; ;HENRY NEIL;PRINCIPE;GUARDIA;2;1;1;1;1;1;1;0;2; ; ;1;0;2;2; ; ;2; ; ;2; ; ;1;1;0;2; ; ;1;1;0;MOTOFURGONETA Y/O MOTOCARGA;1;2; ; ;2; ; ;2; ; ;1;0;1;2; ; ;1;1;0;2; ; ;2; ; ; ;1;2; ;2; ;1;2; ;2; ;2; ;2; ;2; ;1;7;1;4;2; ;2; ; ;1;1;11;2;1;1;1;1;2;1;8;1;6;1;1;2; ; ;1;0;0;0;4;0;0;0;0;0; ;1;0;2;0;0;0;0;0;0;0;0;0;0;0; ;0;1;2; 
2022;21101;2;11;1;21101;ANCASH;HUARMEY;CHACHAPOYAS;1;1;6;PLAZA INDEPENDENCIA;S/N;L;1;293;43;287963;984608714;927992878;43;287963; ;ALCALDE@MUNIHUARMEY.GOB.PE;WWW.GOB.PE/MUNIHUARMEY;ELMER ALFONSO;DUEÑAS;ESPIRITU;2;1;1;8;5;1;6;5;1;1;1;1;2;0;1;4;1;1;3;1;1;0;1;2; ; ;2; ; ;1;5;1;MOTOFURGONETA Y/O MOTOCARGA;1;2; ; ;1;1;0;1;1;0;1;1;1;1;1;0;2; ; ;1;1;0;2; ; ; ;1;1;2;1;1;1;1;2;1;10;1;10;2; ;1;26;1;35;1;70;1;4;1;7;INTEL XEON;1;1;164;5;1;1;1;1;1;2; ;1;92;1;10;2; ; ;1;0;0;3;4;0;0;0;0;0; ;1;1;0;0;0;0;0;0;0;0;0;0;0;0; ;0;1;1;www.munihuarmey.gob.pe/estandar
2022;21102;2;11;2;21102;ANCASH;HUARMEY;CHACHAPOYAS;2;1;6;PLAZA DE ARMAS;S/N; ; ; ;43; ;971814372; ;43;300000;WWW.FACEBOOK.COM/DISTRITODE.COCHAPETI;MCOCHAPETI19@GMAIL.COM; ;FAUSTINA VILMA;CARO;SOTO;1;1;2; ; ;2; ; ;2; ; ;2; ; ;1;1;0;2; ; ;2; ; ;2; ; ;2; ; ;2; ; ; ;1;2; ; ;2; ; ;2; ; ;2; ; ;2; ; ;2; ; ;2; ; ;2; ; ; ;1;2; ;1;1;1;1;3;2; ;2; ;2; ;1;1;1;1;2; ;2; ;2; ; ;1;1;5;4;1;1;2;2; ;1;1;1;2;2; ;2; ; ;1;0;0;0;4;0;0;0;0;9;MIF - Módulo de Instrumentos Financieros;1;0;2;0;4;0;0;0;0;0;0;0;0;0; ;0;1;2; 
2022;21103;2;11;3;21103;ANCASH;HUARMEY;CHACHAPOYAS;2;1;1;CELESTINO ZAPATA;S/N; ; ; ;43; ;981401378;992476440;43;992476441;WWW.FACEBOOK.COM/MUNICULEBRASDISTRITO;MESADEPARTESMDC@GMAIL.COM; ;JUAN ARNALDO;GARCIA;MOSCOSO;2;1;1;0;1;1;1;1;2; ; ;2; ; ;1;1;1;2; ; ;2; ; ;2; ; ;2; ; ;2; ; ; ;1;2; ; ;2; ; ;2; ; ;2; ; ;2; ; ;2; ; ;2; ; ;2; ; ; ;1;2; ;1;18;1;2; ;2; ;2; ;2; ;1;11;2; ;2; ;2; ;2; ; ;1;1;11;3;1;1;1;2; ;1;4;1;10;1;1;2; ; ;1;0;0;0;4;0;0;0;0;0; ;1;0;0;0;0;0;0;0;0;0;0;0;0;0; ;14;1;4;www.gob.pe/municipalidad-distrital-de-culebras-md-culebras
2022;21104;2;11;4;21104;ANCASH;HUARMEY;CHACHAPOYAS;2;1;6;PLAZA DE ARMAS;S/N; ; ; ;43; ; ; ;43;997727719;WWW.FACEBOOK.COM/MUNI.HUAYAN.3;MUNIHUAYAN19@GMAIL.COM; ;RUBEN YSIDRO;ALVARON;DEPAZ;2;1;1;2;0;1;2;0;2; ; ;2; ; ;2; ; ;2; ; ;2; ; ;2; ; ;2; ; ;2; ; ; ;1;2; ; ;2; ; ;2; ; ;2; ; ;2; ; ;2; ; ;2; ; ;2; ; ; ;1;2; ;2; ;1;2; ;2; ;1;5;2; ;2; ;2; ;2; ;2; ;2; ; ;1;2; ; ;1;2; ;2; ;2; ;1;5;1;1;2; ; ;1;0;0;0;4;0;0;0;0;0; ;1;0;0;0;0;0;0;0;0;0;0;0;0;0; ;14;1;3; 
2022;21105;2;11;5;21105;ANCASH;HUARMEY;CHACHAPOYAS;2;1;2;MARAÑON;S/N;G1;1; ;43; ;939049425; ;43;300000; ;MUNIMALVAS2022@GMAIL.COM;WWW.GOB.PE/MUNIMALVAS;EDWIN JONY;FIGUEROA;TOLEDO;2;1;2; ; ;1;1;1;2; ; ;1;0;1;2; ; ;2; ; ;2; ; ;2; ; ;2; ; ;2; ; ; ;1;2; ; ;1;1;0;2; ; ;2; ; ;1;1;0;2; ; ;2; ; ;2; ; ; ;1;2; ;1;1;1;2; ;2; ;2; ;2; ;1;9;2; ;2; ;2; ;2; ; ;1;1;9;2;1;2; ;2; ;2; ;1;6;1;1;2; ; ;1;0;0;0;4;0;0;0;0;0; ;1;1;2;3;4;5;0;7;0;9;0;0;12;0; ;0;1;4;www.gob.pe/munimalvas
2022;21201;2;12;1;21201;ANCASH;HUAYLAS;CHACHAPOYAS;1;1;2;SAN MARTIN;1121; ; ; ;43;483860; ; ;43;934175301;WWW.FACEBOOK.COM/MUNICARAZ;WWW.MUNICIPALIDAD@MUNICARAZ.GOB.PE;WWW.MUNICARAZ.GOB.PE;ESTEBAN ZOSIMO;FLORENTINO;TRANCA;2;1;1;2;1;1;6;3;2; ; ;2; ; ;2; ; ;2; ; ;2; ; ;2; ; ;2; ; ;2; ; ; ;1;2; ; ;2; ; ;2; ; ;2; ; ;2; ; ;2; ; ;2; ; ;2; ; ; ;1;1;1;2; ;1;1;1;1;11;1;32;1;17;1;31;1;32;1;23;1;1;2; ; ;1;1;148;5;1;1;10;1;1;1;20;1;25;1;5;2; ; ;1;0;0;3;4;0;0;0;0;0; ;1;1;2;3;4;5;6;7;8;9;0;0;12;0; ;0;1;4;www.transparencia.gob.pe/enlaces/pte_transparencia_enlaces.aspx?id_entidad=10220#.yaqhhtdmliv
2022;21202;2;12;2;21202;ANCASH;HUAYLAS;CHACHAPOYAS;2;1;3;SANTA ROSA;S/N; ; ; ;43; ; ; ;43;986457123; ;MESADEPARTESVIRTUALHUALLANCA@GMAIL.COM; ;RICHARD VICENTE;RUELAS;MATTOS;2;1;2; ; ;1;0;2;2; ; ;1;1;0;2; ; ;2; ; ;2; ; ;1;1;0;2; ; ;2; ; ; ;1;2; ; ;1;1;0;2; ; ;2; ; ;2; ; ;2; ; ;2; ; ;2; ; ; ;1;2; ;2; ;1;2; ;2; ;2; ;2; ;1;6;2; ;1;1;2; ;2; ; ;1;1;7;5;1;2; ;2; ;1;2;1;5;1;1;2; ; ;1;0;0;0;4;0;0;0;0;0; ;1;0;0;0;0;0;0;0;0;0;0;0;0;0; ;14;1;3; 
2022;21203;2;12;3;21203;ANCASH;HUAYLAS;CHACHAPOYAS;2;1;2;LA LIBERTAD;S/N;S;9; ;43; ;963425368;958666260;43;993887488;WWW.FACEBOOK.COM/MUNICIPALIDADDEHUATA;MUNICIPALIDADHUATA162@HOTMAIL.COM;WWW.MUNIHUATA-HUAYLAS.GOB.PE;JAVIER JALI;MORALES;MEJIA;2;1;1;1;0;1;1;1;2; ; ;1;1;0;2; ; ;2; ; ;2; ; ;2; ; ;2; ; ;2; ; ; ;1;2; ; ;1;1;0;2; ; ;2; ; ;2; ; ;2; ; ;2; ; ;2; ; ; ;1;2; ;1;1;1;2; ;2; ;2; ;2; ;2; ;1;4;1;5;2; ;2; ; ;1;1;9;1;1;1;2;2; ;1;3;1;4;1;1;2; ; ;1;0;0;0;4;0;0;0;0;0; ;1;0;0;0;0;0;0;0;0;0;0;0;0;0; ;14;1;2; 
2022;21204;2;12;4;21204;ANCASH;HUAYLAS;CHACHAPOYAS;2;1;6;PLAZA DE ARMAS;S/N; ; ; ;43; ;943674617;968752982;43;992867233;WWW.FACEBOOK.COM/MUNICIPALIDAD.DISTRITALDEHUAYLAS/;MUNIHUAYLAS@HOTMAIL.COM; ;HERMINIO JESUS;ESPINOZA;CABALLERO;2;1;1;0;1;1;2;0;2; ; ;1;1;0;1;1;0;2; ; ;2; ; ;2; ; ;2; ; ;1;1;0;MINIVAN Y/O MINIBUS (ENTRE 8 Y 11 ASIENTOS);1;2; ; ;1;1;0;2; ; ;2; ; ;2; ; ;1;1;0;2; ; ;2; ; ; ;1;2; ;1;3;1;2; ;1;1;1;3;1;1;1;2;2; ;1;1;2; ;2; ; ;1;1;4;1;1;1;2;2; ;1;2;1;4;1;1;2; ; ;1;0;0;0;4;0;0;0;0;0; ;1;0;0;0;0;0;0;0;0;0;0;0;12;0; ;0;1;4;www.transparencia.gob.pe/enlaces/pte_transparencia_enlaces.aspx?id_entidad=10220#.xdcm--hkgdv
2022;21205;2;12;5;21205;ANCASH;HUAYLAS;CHACHAPOYAS;2;1;1;MANUEL LEGUIA;100; ; ; ;43; ; ; ;43;930762606; ; ; ;CRISANTO;REYES;TOLENTINO;2;1;2; ; ;2; ; ;2; ; ;1;0;1;2; ; ;2; ; ;2; ; ;2; ; ;2; ; ;1;0;1;TRIMOTO Y/O MOTOTAXY;1;2; ; ;2; ; ;2; ; ;2; ; ;2; ; ;1;0;1;2; ; ;2; ; ; ;1;2; ;2; ;1;2; ;2; ;2; ;1;6;2; ;1;2;2; ;1;1;2; ; ;1;1;9;5;1;1;1;2; ;2; ;1;1;2; ;2; ; ;1;0;0;0;4;0;0;0;0;0; ;1;1;2;3;4;5;6;7;8;9;0;0;12;0; ;0;1;3; 
2022;21206;2;12;6;21206;ANCASH;HUAYLAS;CHACHAPOYAS;2;1;2;JUAN MENDEZ;S/N; ; ; ;43; ; ; ;43;995535121;WWW.FACEBOOK.COM/MUNICIPALIDAD-DISTRITAL-DE-PAMPAROMAS-1700946166783746/;SG@MUNIPAMPAROMAS.GOB.PE;WWW.GOB.PE/MUNIPAMPAROMAS;GUILLERMO PROSPERO;PALMADERA;CHACHAZ;2;1;1;1;0;1;1;0;2; ; ;2; ; ;1;1;0;2; ; ;1;1;0;1;1;0;2; ; ;2; ; ; ;1;1;1;0;2; ; ;1;1;0;1;1;0;2; ; ;2; ; ;1;1;0;2; ; ; ;1;2; ;2; ;1;2; ;2; ;2; ;2; ;2; ;1;18;1;11;2; ;2; ; ;1;1;29;3;1;2; ;2; ;2; ;1;29;1;1;2; ; ;1;0;0;0;4;0;0;0;0;0; ;1;0;0;0;0;0;0;0;0;0;0;0;0;0; ;14;1;1;www.transparencia.gob.pe/enlaces/pte_transparencia_enlaces.aspx?id_entidad=10228&id_tema=1&ver=d#.y7gr3dvbxpz
2022;21207;2;12;7;21207;ANCASH;HUAYLAS;CHACHAPOYAS;2;1;6;PLAZA INDEPENDENCIA SAN JUAN;S/N; ; ; ;43; ;971403020; ;43;917055616; ;MUNIPUEBLOLIBRE1922@GMAIL.COM;WWW.MUNIPUEBLOLIBRE.GOB.PE;EMILIO AUBERTO;JUSTO;RONDAN;2;1;2; ; ;1;1;0;2; ; ;1;1;0;1;1;0;2; ; ;2; ; ;2; ; ;2; ; ;2; ; ; ;1;2; ; ;2; ; ;1;1;0;1;1;0;1;1;0;1;1;0;2; ; ;2; ; ; ;1;2; ;1;1;1;2; ;2; ;2; ;1;22;1;5;1;6;1;3;2; ;2; ; ;1;1;36;5;1;1;1;1;1;1;1;1;1;1;1;2; ; ;1;0;0;0;4;5;0;0;8;0; ;1;1;2;3;4;5;6;7;8;0;0;0;12;0; ;0;1;1;www.munipueblolibre.gob.pe
2022;21208;2;12;8;21208;ANCASH;HUAYLAS;CHACHAPOYAS;2;1;6;PLAZA DE ARMAS;S/N; ; ; ;43; ; ; ;43;950303999;WWW.FACEBOOK.COM/DISTRITOSANTACRUZ/;MESADEPARTES@MUNISANTACRUZ.GOB.PE;WWW.MUNISANTACRUZ.GOB.PE;MIGUEL ANGEL;LEIVA;RAMIREZ;2;1;2; ; ;2; ; ;2; ; ;2; ; ;2; ; ;2; ; ;2; ; ;2; ; ;2; ; ;2; ; ; ;1;2; ; ;2; ; ;2; ; ;2; ; ;2; ; ;2; ; ;2; ; ;2; ; ; ;1;2; ;2; ;1;2; ;2; ;2; ;2; ;1;14;2; ;2; ;2; ;2; ; ;1;1;14;1;1;1;1;1;1;1;1;1;1;1;1;2; ; ;1;0;2;0;4;0;0;0;0;0; ;1;0;0;0;0;0;0;0;0;0;0;0;0;0; ;14;1;2; 
2022;21209;2;12;9;21209;ANCASH;HUAYLAS;CHACHAPOYAS;2;1;6;PLAZA DE ARMAS DE CONCORDIA SANTO TORIBIO;S/N;1; ; ;43; ; ; ;43;924061879;WWW.FACEBOOK.COM/MUNISANTOTORIBIO/;MESADEPARTES@MUNISANTOTORIBIO.GOB.PE;WWW.MUNISANTOTORIBIO.GOB.PE;ALVARO CAIRO;PEREZ;REYES;2;1;1;0;1;1;1;1;2; ; ;1;1;0;2; ; ;2; ; ;2; ; ;2; ; ;2; ; ;2; ; ; ;1;2; ; ;1;0;1;2; ; ;2; ; ;1;0;1;2; ; ;1;1;0;2; ; ; ;1;2; ;2; ;1;1;3;2; ;2; ;1;2;1;4;1;3;2; ;2; ;2; ; ;1;1;12;3;1;2; ;1;1;1;3;1;5;1;2;2; ; ;1;0;0;0;4;5;0;0;0;0; ;1;0;0;0;4;5;6;7;0;0;0;0;0;0; ;0;1;2; 
2022;21210;2;12;10;21210;ANCASH;HUAYLAS;CHACHAPOYAS;2;1;6;PLAZA DE ARMAS;S/N; ; ; ;43; ;901556731; ;43;901556730;WWW.FACEBOOK.COM/MUNICIPALIDAD-DISTRITAL-DE-YURACMARCA-2019-2022-1976980545753322/;MESADEPARTES@MUNIYURACMARCA.GOB.PE;WWW.MUNIYURACMARCA.GOB.PE;MIGUEL ANGEL;HUIZA;PAULINO;2;1;2; ; ;1;4;0;2; ; ;2; ; ;2; ; ;2; ; ;2; ; ;2; ; ;2; ; ;1;1;2;COMBI (HASTA 15 ASIENTOS);1;2; ; ;2; ; ;2; ; ;2; ; ;2; ; ;2; ; ;2; ; ;2; ; ; ;1;2; ;1;1;1;2; ;2; ;2; ;2; ;1;5;1;7;2; ;2; ;2; ; ;1;1;12;5;1;1;1;1;7;1;4;1;4;1;1;2; ; ;1;0;0;0;4;0;0;7;0;0; ;1;0;2;0;4;5;0;0;0;0;0;0;0;0; ;0;1;3; 
2022;21301;2;13;1;21301;ANCASH;MARISCAL LUZURIAGA;CHACHAPOYAS;1;1;3;SAN ANDRES;102; ; ; ;43; ;929880074; ;43;995341024;WWW.FACEBOOK.COM/MUNICIPALIDAD-PROV-DE-MARISCAL-LUZURIAGA-OFICIAL-997922327264277;MESADEPARTES@MUNIPISCOBAMBA.GOB.PE; ;ROGER;ASENCIO;ROCA;2;1;1;1;0;1;3;1;2; ; ;1;2;1;1;1;0;2; ; ;2; ; ;2; ; ;2; ; ;2; ; ; ;1;2; ; ;2; ; ;2; ; ;1;1;0;1;1;0;2; ; ;1;1;0;2; ; ; ;1;2; ;1;1;1;2; ;2; ;1;10;1;10;2; ;1;10;1;10;1;5;2; ; ;1;1;42;2;1;1;2;1;2;1;5;1;12;2; ;2; ; ;1;0;0;3;4;0;6;7;0;9;SEACE - Sistema Electrónico de contrataciones del Estado;1;1;2;3;0;5;0;7;0;0;0;11;0;0; ;0;1;1;www.munipiscobamba.gob.pe
2022;21302;2;13;2;21302;ANCASH;MARISCAL LUZURIAGA;CHACHAPOYAS;2;1;6;PLAZA DE ARMAS;370; ; ; ;43; ; ; ;43;941833282; ;MUNIDISTRITALCASCA@GMAIL.COM; ;NILO ALCIDES;VILLAVICIENCIO;OLORTEGUI;2;1;2; ; ;2; ; ;1;1;0;1;0;1;1;0;1;2; ; ;2; ; ;2; ; ;2; ; ;2; ; ; ;1;2; ; ;2; ; ;2; ; ;2; ; ;2; ; ;2; ; ;2; ; ;2; ; ; ;1;2; ;2; ;1;2; ;2; ;2; ;2; ;1;12;2; ;2; ;2; ;2; ; ;1;1;12;1;1;1;1;2; ;2; ;1;7;2; ;2; ; ;1;0;0;0;4;0;0;0;0;0; ;1;0;0;0;0;0;0;0;0;0;0;0;0;0; ;14;1;2; 
2022;21303;2;13;3;21303;ANCASH;MARISCAL LUZURIAGA;CHACHAPOYAS;2;1;1;PROGRESO;S/N; ; ; ;43; ; ; ;43;954117502;WWW.FACEBOOK.COM/MUNICIPALIDAD-DISTRITAL-ELEAZAR-GUZMAN-BARRON-103369581320725/;MUNICIPALIDADEGB@GMAIL.COM; ;JUAN SIXTO;MARCOS;CARRANZA;2;1;1;1;1;1;1;0;2; ; ;2; ; ;2; ; ;2; ; ;2; ; ;2; ; ;2; ; ;1;1;0;MOTOFURGONETA Y/O MOTOCARGA;1;2; ; ;2; ; ;2; ; ;2; ; ;2; ; ;2; ; ;2; ; ;2; ; ; ;1;2; ;2; ;1;1;1;2; ;2; ;2; ;2; ;1;7;2; ;1;1;2; ; ;1;1;9;1;1;2; ;2; ;1;3;1;7;1;1;2; ; ;1;0;0;0;4;0;0;0;0;0; ;1;0;0;0;0;0;0;0;0;0;0;0;12;0; ;0;1;3; 
2022;21304;2;13;4;21304;ANCASH;MARISCAL LUZURIAGA;CHACHAPOYAS;2;1;5;PISCOBAMBA - SANACHGAN;S/N; ; ;40;43; ; ; ;43;967667950; ;MUNI.FOE2019@HOTMAIL.COM; ;DAVID;CHAVEZ;MATOS;2;1;2; ; ;2; ; ;2; ; ;1;1;0;2; ; ;2; ; ;2; ; ;2; ; ;2; ; ;2; ; ; ;1;2; ; ;2; ; ;2; ; ;2; ; ;2; ; ;2; ; ;2; ; ;2; ; ; ;1;2; ;2; ;1;1;9;2; ;2; ;2; ;2; ;2; ;2; ;2; ;2; ; ;1;1;8;4;1;1;1;1;1;1;1;1;4;1;1;2; ; ;1;0;0;0;4;0;0;0;0;0; ;1;1;2;3;4;5;6;0;0;9;0;0;12;0; ;0;1;2; 
2022;21305;2;13;5;21305;ANCASH;MARISCAL LUZURIAGA;CHACHAPOYAS;2;1;1;FIDEL OLIVAS ESCUDERO;S/N; ; ; ;43; ;959704434;987921769;43; ;WWW.FACEBOOK.COM/MUNICIPALIDAD-DE-LLAMA-2019-2022-2142840135796217;MUNICIPALIDADDISTRITALDELLAMA@GMAIL.COM;WWW.GOB.PE/MUNICIPALIDAD-DISTRITAL-DE-LLAMA-ANCASH-MD-LLAMA;ROGELIO MARCIA;MELENDEZ;MIRANDA;2;1;2; ; ;1;1;0;2; ; ;2; ; ;2; ; ;2; ; ;2; ; ;1;1;0;2; ; ;2; ; ; ;1;2; ; ;2; ; ;2; ; ;2; ; ;2; ; ;2; ; ;2; ; ;2; ; ; ;1;2; ;1;3;1;1;5;2; ;2; ;2; ;2; ;2; ;2; ;2; ;2; ; ;1;1;5;2;1;1;1;1;5;1;1;1;4;1;1;2; ; ;1;0;0;0;4;0;0;0;0;0; ;1;0;2;3;4;5;0;0;0;0;0;0;12;0; ;0;1;2; 
2022;21306;2;13;6;21306;ANCASH;MARISCAL LUZURIAGA;CHACHAPOYAS;2;1;2;JUSTINIANO ROCA;S/N; ; ; ;43; ; ; ;43;990335539; ;MDLL.MESADEPARTES@GMAIL.COM; ;ANTONIO MAXIMO;HONORATO;NERI;2;1;1;1;3;1;0;3;2; ; ;1;0;2;1;0;1;2; ; ;2; ; ;1;0;1;2; ; ;2; ; ; ;1;2; ; ;1;0;1;1;1;0;1;1;0;2; ; ;2; ; ;2; ; ;2; ; ; ;1;2; ;2; ;1;1;22;2; ;2; ;2; ;2; ;2; ;2; ;2; ;2; ; ;1;1;22;1;1;1;1;1;8;1;4;1;8;2; ;2; ; ;1;0;0;0;4;0;0;0;0;0; ;1;1;0;3;0;5;0;0;0;0;0;0;12;0; ;0;1;2; 
2022;21307;2;13;7;21307;ANCASH;MARISCAL LUZURIAGA;CHACHAPOYAS;2;1;6;PLAZA DE ARMAS;S/N; ; ; ;43;830004;954532900;978004910;43;830004;WWW.FACEBOOK.COM/MUNILUCMA;DAGUS_09@HOTMAIL.COM; ;GERMAN NILO;AYALA;LOPEZ;2;1;1;1;1;1;1;2;1;2;0;1;1;0;2; ; ;2; ; ;2; ; ;2; ; ;2; ; ;2; ; ; ;1;2; ; ;2; ; ;2; ; ;2; ; ;2; ; ;2; ; ;2; ; ;2; ; ; ;1;1;1;1;2;1;2; ;1;1;1;1;2; ;1;10;1;3;1;6;1;4;2; ; ;1;1;25;1;1;1;1;2; ;1;2;1;7;2; ;2; ; ;1;0;0;3;4;0;0;7;0;0; ;1;1;2;3;4;5;6;7;8;0;0;0;12;0; ;0;1;2; 
2022;21308;2;13;8;21308;ANCASH;MARISCAL LUZURIAGA;CHACHAPOYAS;2;1;1;MANUEL PRADO UGARTECHE;S/N; ; ; ;43; ; ; ;43;945822558; ;MUNIMUSGA2022@GMAIL.COM; ;JORGE DEMETRIO;EVANGELISTA;CAPCHA;2;1;1;2;0;1;2;0;2; ; ;2; ; ;2; ; ;2; ; ;2; ; ;2; ; ;2; ; ;1;1;0;TRIMOTO Y/O MOTOTAXY;1;2; ; ;2; ; ;2; ; ;2; ; ;2; ; ;2; ; ;2; ; ;2; ; ; ;1;2; ;2; ;1;1;1;2; ;2; ;2; ;1;3;1;3;1;1;2; ;2; ; ;1;1;8;1;1;1;1;1;1;2; ;1;8;2; ;2; ; ;1;0;0;0;4;0;0;0;0;0; ;1;1;2;3;4;5;6;7;0;9;0;0;12;0; ;0;1;2; 
2022;21401;2;14;1;21401;ANCASH;OCROS;CHACHAPOYAS;1;1;1;COMERCIO;272; ; ; ;43;623599;991897954; ;43;623598;WWW.FACEBOOK.COM/MUNIOCROS2021;GOBIERNOPROVINCIALDEOCROS@GMAIL.COM;WWW.MUNIOCROS.GOB.PE;MELANIA CLAUDIA;ROCCA;NUÑEZ;1;1;2; ; ;2; ; ;2; ; ;1;1;1;1;1;0;2; ; ;2; ; ;2; ; ;2; ; ;2; ; ; ;1;2; ; ;2; ; ;2; ; ;1;1;0;1;2;0;2; ; ;2; ; ;2; ; ; ;1;1;1;1;1;1;1;2;2; ;2; ;2; ;2; ;1;5;1;4;2; ;2; ; ;1;1;11;5;1;1;3;1;6;1;11;1;2;1;2;2; ; ;1;0;0;3;4;0;6;0;0;0; ;1;0;2;3;0;5;6;0;0;0;0;0;12;0; ;0;1;2; 
2022;21402;2;14;2;21402;ANCASH;OCROS;CHACHAPOYAS;2;1;6;PLAZA DE ARMAS;S/N; ; ; ;43; ; ; ;43;920091970;WWW.FACEBOOK.COM/MUNICIPALIDADACAS;MUNICIPALIDAD.ACAS@GMAIL.COM; ;NECTAROIO;ESPINOZA;RAMIREZ;2;1;1;0;1;1;0;1;2; ; ;1;1;0;2; ; ;2; ; ;1;1;0;1;0;1;2; ; ;2; ; ; ;1;2; ; ;2; ; ;2; ; ;2; ; ;2; ; ;2; ; ;2; ; ;2; ; ; ;1;2; ;2; ;1;2; ;2; ;2; ;2; ;1;2;2; ;2; ;2; ;2; ; ;1;1;2;1;1;2; ;2; ;2; ;1;5;1;1;2; ; ;1;0;0;0;4;0;0;0;0;0; ;1;0;0;0;0;0;0;0;0;0;0;0;0;0; ;14;1;3; 
2022;21403;2;14;3;21403;ANCASH;OCROS;CHACHAPOYAS;2;1;2;28 DE JULIO;10;E;14;20;43; ;942608007; ;43;976237113; ;MUNICIPIOCAJAMARQUILLA@GMAIL.COM; ;MAYER KENNEDY;BAZAN;FABIAN;2;1;1;1;0;2; ; ;2; ; ;1;1;0;2; ; ;2; ; ;1;1;0;2; ; ;2; ; ;1;1;0;TRIMOTO Y/O MOTOTAXY;1;2; ; ;2; ; ;2; ; ;2; ; ;2; ; ;2; ; ;2; ; ;2; ; ; ;1;2; ;1;1;1;1;4;2; ;2; ;2; ;1;3;2; ;2; ;2; ;2; ; ;1;1;5;4;1;1;1;2; ;1;3;1;1;2; ;2; ; ;1;0;0;0;4;0;0;0;0;0; ;1;1;2;3;4;5;6;0;0;9;10;0;12;0; ;0;1;3; 
2022;21404;2;14;4;21404;ANCASH;OCROS;CHACHAPOYAS;2;1;6;PLAZA DE ARMAS;S/N; ; ; ;43; ;975227844; ;43;943755105; ;MDCARHUAPAMPA.OCROS@GMAIL.COM; ;GILBER;CORNELIO;SANTOS;2;1;1;1;0;2; ; ;1;1;0;1;1;0;2; ; ;2; ; ;1;0;1;2; ; ;2; ; ;1;1;0;MOTOFURGONETA Y/O MOTOCARGA;1;2; ; ;2; ; ;2; ; ;1;1;0;2; ; ;2; ; ;2; ; ;2; ; ; ;1;1;1;1;1;1;2; ;2; ;2; ;2; ;1;4;1;3;2; ;2; ;2; ; ;1;2; ; ;1;1;1;2; ;1;4;2; ;1;1;2; ; ;1;0;0;0;4;0;0;7;8;0; ;1;0;0;0;0;0;0;0;0;0;0;0;0;0; ;14;1;2; 
2022;21405;2;14;5;21405;ANCASH;OCROS;CHACHAPOYAS;2;1;3;COMERCIO;S/N; ; ; ;43; ; ; ;43;939063679;WWW.FACEBOOK.COM/MUNICOCHAS.MUNICOCHAS;MDCOCHAS_ULE@HOTMAIL.COM; ;ELIZABETH ALODIA SANDY;SAENZ;QUIROZ;1;1;1;1;1;2; ; ;2; ; ;2; ; ;1;1;0;2; ; ;2; ; ;2; ; ;2; ; ;2; ; ; ;1;2; ; ;2; ; ;2; ; ;1;1;0;2; ; ;2; ; ;2; ; ;2; ; ; ;1;2; ;2; ;1;2; ;2; ;2; ;2; ;1;2;1;1;2; ;1;1;2; ; ;1;1;4;3;1;1;1;2; ;1;1;1;4;2; ;2; ; ;1;0;0;3;4;5;6;0;0;0; ;1;0;0;0;0;0;0;7;0;0;0;0;0;0; ;0;1;3; 
2022;21406;2;14;6;21406;ANCASH;OCROS;CHACHAPOYAS;2;1;6;PLAZA DE ARMAS;S/N; ; ; ;43; ; ; ;43;947483720; ;MUNI.CONGAS@GMAIL.COM; ;PORFIRIO ARTURO;GOMERO;OSTOS;2;1;1;1;0;2; ; ;2; ; ;1;1;0;2; ; ;2; ; ;2; ; ;2; ; ;2; ; ;1;1;0;FURGONETA Y/O VAN;1;2; ; ;2; ; ;2; ; ;2; ; ;2; ; ;2; ; ;2; ; ;2; ; ; ;1;2; ;2; ;1;1;2;1;1;2; ;2; ;1;3;2; ;2; ;2; ;2; ; ;1;1;5;2;1;1;2;2; ;2; ;1;2;2; ;2; ; ;1;0;0;0;4;0;6;0;0;0; ;1;1;2;3;4;5;6;7;0;9;0;0;12;0; ;0;1;2; 
2022;21407;2;14;7;21407;ANCASH;OCROS;CHACHAPOYAS;2;1;3;15 DE NOVIEMBRE;S/N; ; ; ;43;607275;996736611; ;43;997285220; ;MUNICIPALIDADELLIPA@GMAIL.COM; ;MARSOLINE JHENRY;JUSTINO;ROJAS;2;1;1;1;0;1;2;0;1;1;0;1;1;0;2; ; ;2; ; ;1;1;0;2; ; ;2; ; ;1;1;0;TRIMOTO Y/O MOTOTAXY;1;2; ; ;2; ; ;2; ; ;2; ; ;2; ; ;1;0;1;2; ; ;2; ; ; ;1;1;1;1;2;1;2; ;2; ;2; ;2; ;1;4;2; ;1;1;2; ;2; ; ;1;1;4;4;1;1;1;1;1;1;1;2; ;2; ;2; ; ;1;0;0;3;4;0;0;0;0;0; ;1;0;0;0;0;0;0;0;0;0;0;0;0;0; ;14;1;3; 
2022;21408;2;14;8;21408;ANCASH;OCROS;CHACHAPOYAS;2;1;6;PLAZA DE ARMAS;S/N;J; ; ;43; ;992007323;967689942;43;938163475;WWW.FACEBOOK.COM/MUNISANCRISTOBALDERAJAN;MUNICIPALIDAD.SANCRISTOBAL.RAJAN@GMAIL.COM; ;AMANCIO;HIGINIO;VARGAS;2;1;2; ; ;2; ; ;2; ; ;2; ; ;2; ; ;2; ; ;1;1;0;2; ; ;2; ; ;2; ; ; ;1;1;1;0;2; ; ;2; ; ;2; ; ;2; ; ;2; ; ;2; ; ;2; ; ; ;1;2; ;1;1;1;2; ;2; ;2; ;2; ;1;5;2; ;2; ;2; ;2; ; ;1;1;5;4;1;1;1;2; ;1;5;2; ;1;1;2; ; ;1;0;0;0;4;0;0;0;0;9;SEACE - Sistema Electrónico de contrataciones del Estado;1;0;0;0;0;0;0;0;0;0;0;0;0;0; ;14;1;3; 
2022;21409;2;14;9;21409;ANCASH;OCROS;CHACHAPOYAS;2;1;6;PLAZA DE ARMAS;S/N; ; ; ;43; ;985604149; ;43;987015452; ;GOBIERNOLOCALSANPEDRO@GMAIL.COM; ;ISAAC ARNALDO;TAMAYO;SALINAS;2;1;1;1;0;1;2;0;1;1;0;1;1;0;2; ; ;2; ; ;1;1;0;2; ; ;2; ; ;2; ; ; ;1;2; ; ;2; ; ;2; ; ;2; ; ;2; ; ;2; ; ;2; ; ;1;1;0;TROMPO MEZCLADOR DE CONCRETO;1;2; ;1;1;1;2; ;2; ;1;1;2; ;2; ;1;6;2; ;2; ;2; ; ;1;1;7;1;1;1;1;2; ;1;1;1;3;1;1;2; ; ;1;0;0;0;4;0;6;0;0;0; ;1;0;0;0;0;0;0;0;0;0;0;0;0;0; ;14;1;3; 
2022;21410;2;14;10;21410;ANCASH;OCROS;CHACHAPOYAS;2;1;6;PLAZA DE ARMAS;S/N; ; ; ;43; ;920114834; ;43;996288651; ;SANTIAGODECHILCAS@GMAIL.COM; ;JOSE MOISES;OSES;ESPIRITU;2;1;1;1;0;2; ; ;1;1;0;1;1;0;2; ; ;2; ; ;1;1;0;2; ; ;2; ; ;2; ; ; ;1;2; ; ;2; ; ;2; ; ;1;1;0;2; ; ;2; ; ;2; ; ;2; ; ; ;1;2; ;1;1;1;2; ;2; ;2; ;2; ;2; ;2; ;2; ;1;4;2; ; ;1;1;4;1;1;2; ;2; ;2; ;1;3;2; ;2; ; ;1;0;0;0;4;0;0;0;0;0; ;1;0;0;0;0;0;0;0;0;0;0;0;0;0; ;14;1;3; 
2022;21501;2;15;1;21501;ANCASH;PALLASCA;CHACHAPOYAS;1;1;1;CENTENARIO;103; ; ; ;43; ;958092002;972678609;43; ;WWW.FACEBOOK.COM/MUNICABANA/;MESADEPARTESVIRTUAL@MUNICABANA.GOB.PE;WWW.MUNICABANA.GOB.PE;MARCEL CASTILLO;VALERIO;CHAVEZ;2;1;1;2;2;1;1;2;2; ; ;1;2;0;1;2;0;2; ; ;1;0;1;2; ; ;2; ; ;2; ; ; ;1;2; ; ;1;0;1;2; ; ;1;1;0;2; ; ;2; ; ;2; ; ;2; ; ; ;1;2; ;1;2;1;2; ;1;1;1;5;1;4;1;15;1;9;1;8;2; ;2; ; ;1;1;42;5;1;1;3;1;10;1;17;1;13;1;2;2; ; ;1;0;0;3;4;5;0;0;0;9;Sistema Integrado de Registro Civil;1;0;0;3;0;0;0;7;0;0;0;0;12;0; ;0;1;2; 
2022;21502;2;15;2;21502;ANCASH;PALLASCA;CHACHAPOYAS;2;1;2;REAL;S/N; ; ; ;43; ; ; ;43;300000; ;MDBOLOGNESI2019@GMAIL.COM; ;JESUS SIMON;AGREDA;CANCHIS;2;1;2; ; ;2; ; ;1;1;0;1;1;0;2; ; ;2; ; ;2; ; ;1;2;0;2; ; ;2; ; ; ;1;2; ; ;2; ; ;2; ; ;1;0;1;1;0;1;1;2;0;1;0;1;1;1;0;TROMPO MEZCLADOR DE CONCRETO;1;2; ;2; ;1;2; ;2; ;2; ;2; ;2; ;1;6;2; ;2; ;2; ; ;1;1;6;3;1;1;1;1;1;1;1;1;5;1;1;2; ; ;1;0;0;0;4;0;0;0;0;0; ;1;0;0;0;4;5;0;0;0;0;0;0;12;0; ;0;1;3; 
